campaign_name,channel,customer_segment,start_date,duration_days,budget,impressions,clicks,click_through_rate,conversions,revenue_generated,roi_pct,new_customers,avg_order_value,engaged_audience
Campaign_B,SEO,Students,2023-01-01,13,49012.12,1827465,34587.0,1.893,4489.0,1394319.89,2744.85,2253,184.9,0
Campaign_D,Email,Seniors,2023-01-01,41,51646.09,694142,55530.0,8.0,4206.0,1436296.11,2681.04,2885,194.85,0
Campaign_A,TV,Professionals,2023-01-01,25,26470.74,662790,10908.0,1.646,1090.0,144452.96,445.71,721,37.75,1
Campaign_E,PPC,Mid-Age,2023-01-02,59,17157.72,262946,15243.0,5.797,1093.0,266726.15,1454.55,674,83.25,0
Campaign_E,Radio,Students,2023-01-02,28,71486.43,2075761,133663.0,6.439,7121.0,1392766.01,1848.29,3868,153.29,1
Campaign_A,Influencer,Mid-Age,2023-01-02,41,47708.3,747137,20964.0,2.806,1703.0,466426.16,877.66,1110,389.88,0
Campaign_A,SEO,Young Adults,2023-01-03,51,20903.24,300201,8356.0,2.783,949.0,297428.65,1322.88,495,405.01,1
Campaign_F,TV,Mid-Age,2023-01-03,59,35999.68,1364818,70602.0,5.173,10157.0,1125399.45,3026.14,3888,146.57,0
Campaign_H,PPC,Seniors,2023-01-03,49,10031.86,163720,8862.0,5.413,225.0,24955.51,148.76,150,438.78,1
Campaign_G,Email,Young Adults,2023-01-04,37,40653.21,658249,39782.0,6.044,3546.0,231420.49,469.26,1776,206.58,1
Campaign_E,Radio,Mid-Age,2023-01-04,50,36791.81,1239912,62765.0,5.062,6444.0,676715.14,1739.31,4273,405.08,0
Campaign_E,Influencer,Young Adults,2023-01-05,22,14954.47,175621,3901.0,2.221,121.0,16221.34,8.47,55,249.42,1
Campaign_G,Social Media,Mid-Age,2023-01-05,53,38327.93,433860,32405.0,7.469,4141.0,312154.8,714.43,1798,364.92,1
Campaign_G,PPC,Students,2023-01-05,53,52964.93,1443710,31274.0,2.166,1747.0,304837.23,475.55,1059,197.47,1
Campaign_H,Email,Young Adults,2023-01-06,27,74636.78,1836349,91021.0,4.957,12173.0,3485229.76,4569.59,6741,63.19,1
Campaign_D,SEO,Mid-Age,2023-01-06,10,57738.89,1835217,136540.0,7.44,12539.0,4107470.38,7013.87,5967,149.4,0
Campaign_D,SEO,Young Adults,2023-01-06,43,42682.65,2123008,156907.0,7.391,6240.0,1067262.72,2400.46,4064,357.63,1
Campaign_A,PPC,Mid-Age,2023-01-07,12,62753.83,1718718,,2.175,4340.0,344330.02,448.7,2198,461.44,0
Campaign_B,Social Media,Students,2023-01-07,7,25995.15,858940,22935.0,2.67,927.0,292728.35,1026.09,282,325.3,1
Campaign_D,Social Media,Seniors,2023-01-08,57,55158.62,2579754,134481.0,5.213,15283.0,2856611.11,5078.9,8822,391.41,1
Campaign_G,Influencer,Mid-Age,2023-01-08,37,5379.66,157770,5301.0,3.36,662.0,91355.77,1598.17,215,36.64,0
Campaign_D,Direct Mail,Mid-Age,2023-01-08,41,10441.33,430650,26339.0,6.116,2497.0,536210.38,5035.46,1229,387.23,1
Campaign_E,PPC,Students,2023-01-09,53,51819.92,1655444,77091.0,4.657,4258.0,1658288.73,3100.1,1604,422.7,1
Campaign_G,Social Media,Seniors,2023-01-09,56,19441.22,689935,19750.0,2.863,1517.0,273703.12,1307.85,601,223.95,0
Campaign_D,Radio,Seniors,2023-01-09,57,56654.72,2679773,103901.0,3.877,9210.0,3553296.99,6171.85,6372,262.13,1
Campaign_C,TV,Professionals,2023-01-10,14,52756.49,529050,30884.0,5.838,3290.0,456024.29,764.39,1136,54.62,1
Campaign_F,PPC,Professionals,2023-01-10,24,9775.01,450017,29233.0,6.496,2993.0,260213.41,2562.03,1805,112.08,1
Campaign_C,Influencer,Mid-Age,2023-01-11,47,34437.25,1029938,36943.0,3.587,2661.0,279438.48,711.44,1476,56.54,1
Campaign_D,Radio,Students,2023-01-11,8,50975.16,1746948,30307.0,1.735,3593.0,1152719.23,2161.34,1358,373.74,1
Campaign_H,Email,Students,2023-01-11,19,58511.12,1638447,56902.0,3.473,6844.0,1629998.46,2685.79,4613,405.94,1
Campaign_D,SEO,Professionals,2023-01-12,34,66206.31,1353041,73244.0,5.413,8095.0,2053481.22,3001.64,3080,81.07,1
Campaign_C,Radio,Mid-Age,2023-01-12,25,29783.22,376468,23788.0,6.319,1317.0,511915.19,1618.8,666,463.15,1
Campaign_G,Email,Students,2023-01-12,16,67753.7,3238967,231832.0,7.158,18783.0,4257976.12,6184.49,11574,424.58,1
Campaign_F,Social Media,Young Adults,2023-01-13,54,31569.08,1103498,85340.0,7.734,6507.0,591859.22,1774.81,3939,300.85,1
Campaign_G,SEO,Seniors,2023-01-13,30,5524.01,248242,11681.0,4.705,1473.0,444080.53,7939.1,630,489.8,0
Campaign_C,SEO,Young Adults,2023-01-14,28,50750.44,1097850,78622.0,7.161,9832.0,1206858.11,2278.02,6250,444.76,1
Campaign_G,Radio,Students,2023-01-14,41,23125.14,488401,13843.0,2.834,1835.0,465242.79,1911.85,1256,134.64,1
Campaign_H,PPC,Students,2023-01-14,42,14328.6,335738,16510.0,4.918,826.0,288300.9,1912.07,404,478.4,0
Campaign_B,SEO,Seniors,2023-01-15,33,24376.84,469047,,4.776,2627.0,570002.19,2238.29,1473,238.19,0
Campaign_B,Influencer,Seniors,2023-01-15,54,67093.55,2007360,128086.0,6.381,17054.0,2728636.34,3966.91,7602,102.79,1
Campaign_E,Social Media,Mid-Age,2023-01-15,22,73550.1,3489927,223769.0,6.412,9318.0,2342930.08,3085.49,4115,124.04,0
Campaign_F,Radio,Students,2023-01-16,53,77127.25,3474004,104129.0,2.997,2623.0,247697.63,221.15,1279,351.57,0
Campaign_A,PPC,Professionals,2023-01-16,53,27712.28,825937,59475.0,7.201,2005.0,316083.08,1040.59,759,494.15,0
Campaign_E,TV,Young Adults,2023-01-16,7,39194.65,938731,,7.24,6715.0,1520611.58,3779.64,3866,239.28,1
Campaign_B,SEO,Mid-Age,2023-01-17,46,65189.46,2246918,171612.0,7.638,,1784016.38,2636.66,4702,299.37,1
Campaign_H,PPC,Students,2023-01-17,15,28842.7,994794,41816.0,4.203,1896.0,120851.69,319.0,572,171.11,1
Campaign_F,Influencer,Mid-Age,2023-01-18,32,33885.74,1265651,100137.0,7.912,8880.0,2262618.16,6577.2,4225,427.37,1
Campaign_H,Influencer,Young Adults,2023-01-18,55,22795.59,716328,46521.0,6.494,5681.0,1081870.2,4645.96,1877,84.12,1
Campaign_B,Social Media,Young Adults,2023-01-18,17,47927.55,530568,29564.0,5.572,3880.0,724448.73,1411.55,2036,303.66,0
Campaign_G,Radio,Mid-Age,2023-01-19,36,54445.0,710064,28585.0,4.026,3365.0,1342246.27,2365.33,1709,305.52,0
Campaign_D,Email,Professionals,2023-01-19,48,28882.96,1413849,97513.0,6.897,13175.0,1174214.12,3965.42,4675,30.54,0
Campaign_A,Email,Students,2023-01-19,32,6817.29,271664,17247.0,6.349,1699.0,176630.54,2490.92,676,472.06,0
Campaign_D,Influencer,Mid-Age,2023-01-20,11,60193.09,2885047,147105.0,5.099,18950.0,6759306.5,11129.37,5870,487.94,1
Campaign_D,Social Media,Young Adults,2023-01-20,10,51244.8,1208404,96430.0,7.98,7158.0,684244.53,1235.25,3848,249.71,1
Campaign_E,TV,Students,2023-01-21,34,21424.91,672698,18473.0,2.746,2416.0,896741.87,4085.51,1007,371.05,1
Campaign_G,TV,Mid-Age,2023-01-21,8,28598.58,654280,35934.0,5.492,4903.0,1398268.44,4789.29,2869,428.89,1
Campaign_C,Radio,Mid-Age,2023-01-21,7,76783.52,3559484,115608.0,3.248,12628.0,2965774.41,3762.51,6969,84.85,1
Campaign_F,SEO,Seniors,2023-01-22,57,52265.27,1124191,47271.0,4.205,3594.0,529900.22,913.87,1615,69.77,1
Campaign_B,Radio,Mid-Age,2023-01-22,35,49660.83,1874818,63230.0,3.373,3579.0,629244.46,1167.08,1104,353.98,0
Campaign_H,PPC,Students,2023-01-22,32,52976.81,900723,30101.0,3.342,1874.0,635443.6,1099.48,802,292.96,1
Campaign_D,Radio,Mid-Age,2023-01-23,12,76583.34,1088253,39588.0,3.638,1472.0,103226.34,34.79,632,349.32,1
Campaign_G,Direct Mail,Students,2023-01-23,48,30489.43,494702,6909.0,1.397,180.0,57418.56,88.32,77,298.84,0
Campaign_C,Direct Mail,Seniors,2023-01-24,34,26068.7,812775,,1.279,767.0,260578.46,899.58,522,371.4,0
Campaign_C,Radio,Young Adults,2023-01-24,18,33255.69,1455988,88443.0,6.074,2259.0,671122.74,1918.07,826,102.81,1
Campaign_H,PPC,Students,2023-01-24,46,65071.18,3251684,103285.0,3.176,13889.0,959405.35,1374.39,5667,131.34,1
Campaign_B,Radio,Young Adults,2023-01-25,19,14071.92,491213,5641.0,1.148,589.0,182548.31,1197.25,372,141.4,1
Campaign_E,Direct Mail,Students,2023-01-25,33,20511.85,642926,10096.0,1.57,1309.0,396767.54,1834.33,877,225.76,1
Campaign_C,PPC,Mid-Age,2023-01-25,36,22118.41,917367,21750.0,2.371,1691.0,92299.61,317.3,824,386.99,0
Campaign_D,TV,Students,2023-01-26,21,52728.3,661727,8850.0,1.337,434.0,157237.84,198.2,223,420.76,1
Campaign_F,TV,Mid-Age,2023-01-26,53,53118.73,2250953,,7.623,9906.0,953636.15,1695.29,3181,218.61,1
Campaign_G,Direct Mail,Seniors,2023-01-27,44,32891.48,1326683,66049.0,4.979,8660.0,3345130.76,10070.2,5397,312.96,1
Campaign_D,Influencer,Mid-Age,2023-01-27,22,25714.42,801818,,3.758,1080.0,80751.28,214.03,580,168.73,1
Campaign_F,SEO,Mid-Age,2023-01-27,15,61598.89,672627,31808.0,4.729,3523.0,469676.85,662.48,1731,253.62,1
Campaign_A,SEO,Mid-Age,2023-01-28,24,7379.49,133479,2388.0,1.789,117.0,34115.42,362.3,49,472.23,0
Campaign_B,Social Media,Young Adults,2023-01-28,31,60405.33,1497357,88537.0,5.913,5835.0,572031.07,846.99,2786,156.56,1
Campaign_F,Social Media,Mid-Age,2023-01-28,36,20770.55,989693,77068.0,7.787,1571.0,180254.41,767.84,933,400.33,1
Campaign_F,Direct Mail,Young Adults,2023-01-29,28,72708.28,2584019,49473.0,1.915,4070.0,219414.01,201.77,1352,49.83,0
Campaign_A,TV,Seniors,2023-01-29,9,36026.99,1095353,22654.0,2.068,831.0,281931.73,682.56,417,192.26,1
Campaign_H,PPC,Young Adults,2023-01-29,42,53172.27,1570552,84819.0,5.401,11175.0,705880.67,1227.54,3507,339.63,1
Campaign_D,TV,Young Adults,2023-01-30,27,14072.7,579781,11963.0,2.063,391.0,106117.62,654.07,238,394.72,1
Campaign_C,PPC,Seniors,2023-01-30,24,24041.33,551633,10383.0,1.882,545.0,138325.12,475.36,209,308.33,1
Campaign_D,Influencer,Mid-Age,2023-01-31,36,57545.64,793036,45150.0,5.693,989.0,226415.82,293.45,654,438.53,0
Campaign_D,Email,Professionals,2023-01-31,51,46276.66,1716018,91474.0,5.331,13636.0,2472277.76,5242.39,6687,415.77,0
Campaign_E,TV,Mid-Age,2023-01-31,7,62785.8,1454159,36705.0,2.524,3794.0,587489.13,835.7,1832,320.23,1
Campaign_B,Direct Mail,Mid-Age,2023-02-01,57,47255.18,1087989,73572.0,6.762,7626.0,2935488.64,6111.99,3387,193.62,0
Campaign_B,Social Media,Mid-Age,2023-02-01,40,47699.84,1344592,23352.0,1.737,2042.0,663395.56,1290.77,1034,200.94,1
Campaign_H,Social Media,Professionals,2023-02-01,35,69369.42,1367226,45501.0,3.328,6044.0,2254148.54,3149.48,2630,319.1,1
Campaign_F,Social Media,Students,2023-02-02,9,36851.74,1727171,106602.0,6.172,4130.0,1267349.49,3339.05,1833,338.58,0
Campaign_C,Influencer,Young Adults,2023-02-02,44,72128.35,3164906,167654.0,5.297,20633.0,7018379.37,9630.4,7804,215.46,0
Campaign_G,PPC,Mid-Age,2023-02-03,45,32916.14,1634073,84979.0,5.2,10616.0,4113290.2,12396.27,4650,216.83,0
Campaign_G,Direct Mail,Young Adults,2023-02-03,36,29644.57,1440191,83587.0,5.804,,430912.83,1353.6,1289,113.09,1
Campaign_F,Direct Mail,Young Adults,2023-02-03,49,63456.6,1432736,79162.0,5.525,2948.0,1083135.57,1606.89,1174,30.14,1
Campaign_F,Direct Mail,Mid-Age,2023-02-04,51,5865.98,147963,10534.0,7.119,959.0,62407.84,963.89,602,246.9,0
Campaign_H,Direct Mail,Professionals,2023-02-04,51,17914.41,679499,33848.0,4.981,1073.0,94161.38,425.62,691,420.5,0
Campaign_G,Influencer,Seniors,2023-02-04,24,10382.43,110405,4205.0,3.809,238.0,52748.18,408.05,134,390.27,1
Campaign_C,PPC,Mid-Age,2023-02-05,42,43407.88,2159783,137418.0,6.363,9959.0,2080341.86,4692.54,3109,497.15,1
Campaign_F,SEO,Young Adults,2023-02-05,10,52105.33,543652,15302.0,2.815,618.0,125685.49,141.21,324,344.62,1
Campaign_B,Social Media,Young Adults,2023-02-06,36,5778.2,180623,11410.0,6.317,1272.0,302757.72,5139.65,805,139.94,1
Campaign_E,Email,Seniors,2023-02-06,14,17109.77,628750,18610.0,2.96,1569.0,374097.42,2086.45,700,348.35,1
Campaign_A,Email,Students,2023-02-06,23,27690.6,1289436,56253.0,4.363,5803.0,2058310.51,7333.25,2397,419.39,0
Campaign_B,TV,Seniors,2023-02-07,42,27066.98,968062,59771.0,6.174,4880.0,834819.08,2984.27,2091,331.27,1
Campaign_F,Radio,Students,2023-02-07,29,12284.95,416198,22448.0,5.394,1652.0,265450.52,2060.78,775,256.41,1
Campaign_C,SEO,Mid-Age,2023-02-07,52,17963.56,395456,6326.0,1.6,531.0,156997.23,773.98,174,320.7,0
Campaign_B,Influencer,Professionals,2023-02-08,11,68528.88,2305096,95106.0,4.126,13023.0,3606940.31,5163.39,5145,42.13,1
Campaign_H,TV,Professionals,2023-02-08,58,57543.59,2301056,153779.0,6.683,10992.0,3742187.32,6403.22,6142,154.6,0
Campaign_H,SEO,Professionals,2023-02-09,44,27207.08,833180,66465.0,7.977,6878.0,1088425.23,3900.52,3363,104.14,0
Campaign_B,PPC,Students,2023-02-09,29,24755.56,1019567,43510.0,4.267,5587.0,291853.57,1078.94,2228,224.31,0
Campaign_E,Social Media,Students,2023-02-09,8,11014.94,140820,2255.0,1.601,227.0,86355.86,683.99,152,449.73,1
Campaign_C,TV,Young Adults,2023-02-10,9,31167.95,729800,26004.0,3.563,1284.0,84074.89,169.75,536,118.34,1
Campaign_G,Direct Mail,Young Adults,2023-02-10,28,34855.21,1686732,74713.0,4.429,2678.0,771276.13,2112.8,941,63.36,1
Campaign_F,Direct Mail,Young Adults,2023-02-10,37,72813.62,1670182,25286.0,1.514,2448.0,398145.65,446.8,929,395.15,0
Campaign_D,TV,Seniors,2023-02-11,33,60733.68,2118039,149317.0,7.05,,3390836.52,5483.12,7160,437.91,0
Campaign_H,Influencer,Seniors,2023-02-11,22,40936.53,1260656,60152.0,4.771,7214.0,2476648.96,5949.97,3672,279.76,0
Campaign_F,Influencer,Young Adults,2023-02-11,41,15114.3,717399,28070.0,3.913,3093.0,608865.77,3928.41,1009,206.99,1
Campaign_B,SEO,Students,2023-02-12,39,54212.12,895089,33836.0,3.78,691.0,69466.25,28.14,443,232.35,0
Campaign_D,PPC,Seniors,2023-02-12,25,75200.92,1652579,19800.0,1.198,2387.0,749642.79,896.85,1553,339.73,1
Campaign_G,Email,Seniors,2023-02-13,24,10853.36,482921,22369.0,4.632,2205.0,125848.24,1059.53,942,420.69,1
Campaign_E,Influencer,Professionals,2023-02-13,30,68645.58,2515730,108906.0,4.329,16168.0,2363059.03,3342.41,9864,119.04,1
Campaign_A,Social Media,Seniors,2023-02-13,46,18508.59,587129,20086.0,3.421,2398.0,571505.18,2987.78,1294,454.06,1
Campaign_G,PPC,Young Adults,2023-02-14,38,57596.07,1485749,83361.0,5.611,6329.0,1286162.25,2133.07,4039,338.97,1
Campaign_D,Influencer,Students,2023-02-14,13,18789.2,497023,19270.0,3.877,2079.0,555259.15,2855.2,854,377.0,0
Campaign_B,SEO,Professionals,2023-02-14,55,50001.02,2369893,118550.0,5.002,11863.0,2176524.69,4252.96,6454,70.85,1
Campaign_G,Direct Mail,Young Adults,2023-02-15,17,22821.84,840825,60499.0,7.195,3863.0,721240.06,3060.31,1271,461.62,0
Campaign_H,PPC,Seniors,2023-02-15,42,45627.35,2151965,76334.0,3.547,6821.0,1173416.91,2471.74,2072,278.25,1
Campaign_E,PPC,Seniors,2023-02-16,7,50011.84,2444951,,3.785,4310.0,1553947.5,3007.16,2800,200.19,1
Campaign_F,PPC,Young Adults,2023-02-16,20,51389.02,1638298,115685.0,7.061,3634.0,203699.43,296.39,1518,217.5,1
Campaign_B,SEO,Mid-Age,2023-02-16,36,56209.92,1933371,67796.0,3.507,7816.0,2961284.57,5168.26,3737,167.73,1
Campaign_F,Radio,Professionals,2023-02-17,51,10177.22,368971,15037.0,4.075,1051.0,184321.84,1711.12,412,106.6,0
Campaign_H,TV,Mid-Age,2023-02-17,36,57754.06,2516157,166209.0,6.606,19653.0,3492514.28,5947.22,12788,46.29,0
Campaign_B,TV,Seniors,2023-02-17,9,16594.83,603435,31035.0,5.143,2590.0,787521.87,4645.59,1175,154.27,1
Campaign_H,Influencer,Students,2023-02-18,57,55777.43,813563,61319.0,7.537,7681.0,1427873.77,2459.95,2854,263.41,0
Campaign_A,PPC,Seniors,2023-02-18,21,14302.82,682204,29298.0,4.295,3402.0,904338.99,6222.8,1847,343.38,1
Campaign_D,TV,Professionals,2023-02-19,26,40956.1,1492332,64963.0,4.353,7752.0,2839330.76,6832.62,2962,374.67,0
Campaign_A,Influencer,Seniors,2023-02-19,12,34007.63,1523429,19812.0,1.3,1502.0,519946.31,1428.91,607,309.93,1
Campaign_D,Radio,Professionals,2023-02-19,43,77550.98,2093062,49838.0,2.381,7224.0,1664253.11,2046.01,4111,84.55,1
Campaign_F,Influencer,Young Adults,2023-02-20,30,52310.69,1516416,72484.0,4.78,5268.0,1584763.19,2929.52,3601,232.83,1
Campaign_G,PPC,Professionals,2023-02-20,18,11615.44,436209,10075.0,2.31,1240.0,232316.68,1900.07,746,343.68,1
Campaign_B,Radio,Young Adults,2023-02-20,40,57566.48,2363458,98676.0,4.175,8253.0,2654292.35,4510.83,2885,379.29,1
Campaign_H,Radio,Professionals,2023-02-21,17,19560.38,256991,7666.0,2.983,387.0,42401.35,116.77,164,182.52,1
Campaign_H,Social Media,Students,2023-02-21,35,26461.28,695765,7971.0,1.146,811.0,53502.58,102.19,501,466.37,1
Campaign_A,Radio,Seniors,2023-02-22,42,33383.23,1361844,58910.0,4.326,4770.0,1141253.2,3318.64,1955,403.83,0
Campaign_H,Radio,Professionals,2023-02-22,49,63216.91,3141212,173517.0,5.524,9427.0,1181849.22,1769.51,5618,430.31,1
Campaign_H,Social Media,Students,2023-02-22,43,75806.07,793363,26717.0,3.368,1862.0,568010.7,649.29,909,343.28,0
Campaign_A,Direct Mail,Students,2023-02-23,37,74325.14,1530527,98499.0,6.436,4017.0,343305.79,361.9,2626,224.47,0
Campaign_A,PPC,Students,2023-02-23,8,17801.27,509008,10294.0,2.022,1526.0,80837.25,354.11,677,469.06,1
Campaign_F,TV,Professionals,2023-02-23,19,9531.01,180304,2955.0,1.639,306.0,87667.83,819.82,206,453.68,1
Campaign_D,Direct Mail,Mid-Age,2023-02-24,37,67139.98,743702,56104.0,7.544,2387.0,537742.89,700.93,1105,419.38,1
Campaign_C,TV,Professionals,2023-02-24,35,26616.37,840590,62637.0,7.452,7478.0,2865609.92,10666.34,4415,448.83,1
Campaign_D,Radio,Seniors,2023-02-24,35,48711.96,1752458,67396.0,3.846,6621.0,904560.77,1756.96,2503,460.81,0
Campaign_C,Social Media,Young Adults,2023-02-25,45,78397.06,2088692,82284.0,3.939,9374.0,873091.0,1013.68,4802,380.79,0
Campaign_H,Influencer,Professionals,2023-02-25,54,18981.65,470652,32744.0,6.957,3142.0,182509.87,861.51,1332,124.16,0
Campaign_B,Radio,Students,2023-02-26,33,33114.19,1636649,77145.0,4.714,2149.0,441590.64,1233.54,655,283.12,0
Campaign_A,TV,Professionals,2023-02-26,14,70069.92,2039114,37107.0,1.82,1722.0,146862.34,109.59,817,319.52,1
Campaign_G,TV,Students,2023-02-26,30,53748.54,2253288,40651.0,1.804,4875.0,1567191.62,2815.78,1798,393.49,1
Campaign_G,Direct Mail,Mid-Age,2023-02-27,20,75316.48,1618322,31038.0,1.918,3664.0,275514.58,265.81,2504,262.72,0
Campaign_H,SEO,Mid-Age,2023-02-27,35,52378.95,2263165,146321.0,6.465,17266.0,6427513.4,12171.18,10764,271.05,0
Campaign_H,Social Media,Mid-Age,2023-02-27,38,27767.75,1192568,62171.0,5.213,1366.0,326882.26,1077.2,813,497.92,0
Campaign_A,Social Media,Seniors,2023-02-28,36,65383.15,1353959,41950.0,3.098,5229.0,1535915.12,2249.1,2516,242.54,1
Campaign_G,Email,Young Adults,2023-02-28,37,61944.78,2244519,47909.0,2.134,3693.0,353866.91,471.26,1490,91.1,0
Campaign_C,Social Media,Students,2023-03-01,23,75021.42,2796843,52139.0,1.864,5744.0,467141.51,522.68,2468,363.55,0
Campaign_D,SEO,Students,2023-03-01,16,40712.52,1127924,69815.0,6.19,3865.0,671695.73,1549.85,1475,200.39,1
Campaign_D,Email,Professionals,2023-03-01,52,42712.95,1749146,125956.0,7.201,15119.0,3509907.43,8117.43,7873,146.81,0
Campaign_H,Social Media,Seniors,2023-03-02,28,29286.73,652373,30776.0,4.718,4545.0,1142729.73,3801.87,2838,325.38,0
Campaign_E,Email,Professionals,2023-03-02,18,25156.88,738879,47354.0,6.409,2507.0,414722.88,1548.55,940,478.55,1
Campaign_B,SEO,Mid-Age,2023-03-02,59,79739.59,3955567,117951.0,2.982,14383.0,2091745.63,2523.22,4341,177.02,0
Campaign_A,PPC,Seniors,2023-03-03,8,78294.16,1342512,68463.0,5.1,6753.0,2657262.89,3293.95,2365,204.97,0
Campaign_E,Influencer,Students,2023-03-03,25,44723.48,711609,28935.0,4.066,1605.0,233417.83,421.91,777,248.78,0
Campaign_G,Direct Mail,Students,2023-03-04,46,76631.42,1202189,19401.0,1.614,1130.0,111049.3,44.91,347,353.36,0
Campaign_F,SEO,Students,2023-03-04,28,31711.66,1583184,69843.0,4.412,8039.0,1413343.68,4356.86,3708,216.1,1
Campaign_H,PPC,Seniors,2023-03-04,51,68749.57,1127254,78090.0,6.927,4448.0,695466.86,911.59,1532,229.79,1
Campaign_A,TV,Young Adults,2023-03-05,26,52615.11,926529,12623.0,1.362,330.0,65210.42,23.94,113,359.43,1
Campaign_D,PPC,Professionals,2023-03-05,41,58779.96,2221380,96402.0,4.34,12880.0,3455701.52,5779.05,7535,493.01,1
Campaign_E,SEO,Mid-Age,2023-03-05,29,58865.22,2376969,169070.0,7.113,16325.0,4262486.5,7141.09,11424,178.76,0
Campaign_G,Email,Students,2023-03-06,31,52687.15,1637645,106946.0,6.53,12683.0,3733893.72,6986.92,4791,305.1,1
Campaign_C,Email,Young Adults,2023-03-06,33,68924.6,3398449,151372.0,4.454,,1561798.12,2165.95,5837,403.37,0
Campaign_F,Direct Mail,Professionals,2023-03-07,58,34400.99,397550,8743.0,2.199,761.0,50287.28,46.18,318,129.7,1
Campaign_B,TV,Mid-Age,2023-03-07,47,68689.17,2392638,166041.0,6.94,19941.0,6516388.38,9386.78,12244,414.61,1
Campaign_E,Radio,Professionals,2023-03-07,26,18756.14,642562,13313.0,2.072,321.0,40447.1,115.65,161,196.82,0
Campaign_G,PPC,Students,2023-03-08,29,19996.96,456926,13423.0,2.938,812.0,130311.99,551.66,428,82.18,1
Campaign_G,PPC,Mid-Age,2023-03-08,28,58800.74,2703518,50553.0,1.87,5134.0,1075510.88,1729.08,2662,41.7,0
Campaign_D,Email,Mid-Age,2023-03-08,46,61259.74,1967372,82886.0,4.213,11829.0,3557065.81,5706.53,7983,45.55,0
Campaign_D,Influencer,Professionals,2023-03-09,38,72672.58,1442813,77975.0,5.404,5549.0,595155.5,718.95,1742,404.89,0
Campaign_H,Direct Mail,Seniors,2023-03-09,35,25601.22,346495,23526.0,6.79,3453.0,1263248.26,4834.33,1254,347.22,0
Campaign_E,TV,Students,2023-03-09,29,9205.21,131494,5561.0,4.229,657.0,106785.21,1060.05,297,402.94,0
Campaign_C,Influencer,Students,2023-03-10,28,43060.38,1976177,154043.0,7.795,12791.0,5038783.48,11601.67,6334,383.89,1
Campaign_C,TV,Mid-Age,2023-03-10,36,70650.53,1413883,73111.0,5.171,5541.0,830564.85,1075.6,1914,209.06,0
Campaign_F,SEO,Young Adults,2023-03-11,51,77859.94,3603374,188487.0,5.231,6941.0,2109915.15,2609.89,4562,468.52,0
Campaign_F,Email,Young Adults,2023-03-11,58,69336.97,1026514,22860.0,2.227,2285.0,415491.12,499.23,1305,442.63,0
Campaign_E,Influencer,Seniors,2023-03-11,10,41746.73,2060510,48026.0,2.331,,441190.95,956.83,866,193.73,0
Campaign_B,Radio,Students,2023-03-12,19,69753.67,3022702,152234.0,5.036,11536.0,2443812.86,3403.49,7802,393.28,0
Campaign_B,SEO,Mid-Age,2023-03-12,43,21047.82,308332,18642.0,6.046,948.0,336242.48,1497.52,478,415.24,0
Campaign_B,Radio,Mid-Age,2023-03-12,14,74087.72,995906,,2.433,3496.0,1097319.3,1381.11,2241,259.58,0
Campaign_A,Direct Mail,Mid-Age,2023-03-13,39,47513.45,2002097,87854.0,4.388,5905.0,1506424.6,3070.52,3511,86.6,0
Campaign_D,Direct Mail,Mid-Age,2023-03-13,29,34202.27,448824,15679.0,3.493,1310.0,180120.38,426.63,581,187.01,0
Campaign_D,TV,Seniors,2023-03-14,17,48623.09,996152,40556.0,4.071,2790.0,393260.83,708.79,1570,494.74,1
Campaign_D,Email,Seniors,2023-03-14,33,63800.62,2682815,68543.0,2.555,2593.0,1029415.12,1513.49,1766,366.49,1
Campaign_H,Radio,Mid-Age,2023-03-14,33,23009.11,1065395,,1.985,1392.0,520449.03,2161.93,843,394.11,0
Campaign_B,Influencer,Young Adults,2023-03-15,44,12640.99,514565,16689.0,3.243,2023.0,199157.14,1475.49,1180,458.6,1
Campaign_G,PPC,Young Adults,2023-03-15,50,59984.01,2735013,193705.0,7.082,19516.0,2369683.08,3850.52,7586,125.3,1
Campaign_B,Influencer,Seniors,2023-03-15,57,76435.17,2476158,164332.0,6.637,12631.0,1103760.38,1344.05,7988,485.15,1
Campaign_E,Influencer,Young Adults,2023-03-16,30,52773.36,2173441,37200.0,1.712,4712.0,567646.3,975.63,2148,273.53,1
Campaign_G,Email,Students,2023-03-16,43,15693.76,373000,6022.0,1.614,123.0,18644.73,18.8,67,380.0,1
Campaign_G,PPC,Young Adults,2023-03-17,48,53253.9,2205167,98144.0,4.451,12509.0,4292706.35,7960.83,7143,179.56,1
Campaign_E,TV,Young Adults,2023-03-17,59,13747.41,511261,15039.0,2.942,417.0,34741.85,152.72,211,184.82,0
Campaign_B,Radio,Students,2023-03-17,41,27764.36,916035,61960.0,6.764,8249.0,2959264.39,10558.5,3021,199.01,1
Campaign_D,Radio,Students,2023-03-18,20,7369.83,366221,16125.0,4.403,2308.0,900525.16,12119.08,1336,193.59,1
Campaign_D,Email,Students,2023-03-18,25,41562.62,1196636,83393.0,6.969,10548.0,1567527.98,3671.49,4207,59.38,1
Campaign_G,Radio,Young Adults,2023-03-18,18,29101.56,1011858,17782.0,1.757,,83872.74,188.21,162,175.5,1
Campaign_D,Radio,Students,2023-03-19,17,12314.14,374303,29160.0,7.79,2577.0,606277.73,4823.43,903,334.27,1
Campaign_G,Social Media,Professionals,2023-03-19,23,28177.05,575388,36650.0,6.37,4681.0,571041.12,1926.62,2565,453.93,1
Campaign_H,Social Media,Students,2023-03-20,33,53567.76,1243555,76144.0,6.123,6917.0,2116959.83,3851.93,2399,49.58,1
Campaign_A,Email,Mid-Age,2023-03-20,48,26681.12,1311415,99425.0,7.582,6640.0,1679917.21,6196.28,2908,37.82,1
Campaign_H,Direct Mail,Seniors,2023-03-20,22,15730.41,404026,17341.0,4.292,1407.0,125591.74,698.4,922,308.43,1
Campaign_E,TV,Professionals,2023-03-21,16,45859.81,1704895,34817.0,2.042,1061.0,385773.03,741.2,510,358.85,1
Campaign_E,PPC,Young Adults,2023-03-21,13,61492.05,2009799,90004.0,4.478,7607.0,1184922.93,1826.95,5003,315.87,1
Campaign_C,PPC,Students,2023-03-21,17,67260.6,3066559,205660.0,6.707,4857.0,508462.63,655.96,2414,487.33,0
Campaign_C,Radio,Mid-Age,2023-03-22,29,40407.28,1628720,114284.0,7.017,11855.0,4666709.38,11449.18,4404,137.57,1
Campaign_E,PPC,Professionals,2023-03-22,28,58330.43,771481,34098.0,4.42,2412.0,207475.78,255.69,1455,256.19,1
Campaign_B,Social Media,Young Adults,2023-03-22,28,67499.58,1634682,100142.0,6.126,4493.0,318526.02,371.89,1983,460.47,1
Campaign_F,Social Media,Seniors,2023-03-23,23,55466.69,2134166,58234.0,2.729,1296.0,172554.04,211.09,889,320.22,0
Campaign_F,Direct Mail,Seniors,2023-03-23,31,44545.36,732961,19158.0,2.614,2679.0,433308.75,872.74,1084,301.25,0
Campaign_A,SEO,Seniors,2023-03-24,41,9495.45,286169,14605.0,5.104,1348.0,272068.1,2765.25,847,468.44,0
Campaign_B,SEO,Mid-Age,2023-03-24,9,26752.58,607571,24012.0,3.952,2499.0,724234.13,2607.16,1243,189.28,0
Campaign_E,Direct Mail,Young Adults,2023-03-24,54,28986.14,364940,7763.0,2.127,941.0,167497.7,477.85,599,103.87,1
Campaign_F,Email,Professionals,2023-03-25,23,34625.84,1727339,109332.0,6.33,11092.0,2726044.94,7772.86,4139,90.74,1
Campaign_C,Social Media,Seniors,2023-03-25,14,76316.95,3600220,170111.0,4.725,12537.0,652350.25,754.79,6938,416.28,1
Campaign_H,Direct Mail,Students,2023-03-25,16,20665.65,824581,38283.0,4.643,3889.0,718356.2,3376.09,1342,432.77,0
Campaign_E,Social Media,Seniors,2023-03-26,35,45616.62,822970,19135.0,2.325,1010.0,384546.43,743.0,628,139.92,1
Campaign_E,Radio,Seniors,2023-03-26,34,79341.36,3930654,105655.0,2.688,9823.0,3155111.72,3876.63,3872,244.82,1
Campaign_A,Email,Students,2023-03-27,11,51409.59,1811246,105938.0,5.849,4950.0,1530936.99,2877.92,2331,304.88,1
Campaign_F,TV,Seniors,2023-03-27,33,20668.3,1005368,70007.0,6.963,9749.0,1526504.19,7285.73,5482,95.35,0
Campaign_G,Social Media,Young Adults,2023-03-27,18,77014.32,901310,20193.0,2.24,1741.0,384520.15,399.28,855,428.94,1
Campaign_B,TV,Young Adults,2023-03-28,55,30221.95,511924,34229.0,6.686,1725.0,596131.06,1872.51,1054,226.87,1
Campaign_E,PPC,Seniors,2023-03-28,23,8590.3,318613,20762.0,6.516,2141.0,766594.65,8823.96,1231,435.83,0
Campaign_A,TV,Young Adults,2023-03-28,59,37352.13,1728925,115913.0,6.704,3679.0,1098880.73,2841.95,1295,387.24,1
Campaign_B,PPC,Seniors,2023-03-29,37,23049.18,392557,19911.0,5.072,1521.0,319089.83,1284.39,926,168.63,1
Campaign_A,Direct Mail,Students,2023-03-29,58,66414.78,1506548,52170.0,3.463,6916.0,522903.31,687.33,3246,366.79,0
Campaign_G,Influencer,Seniors,2023-03-30,36,21496.69,720721,46105.0,6.397,5524.0,506957.69,2258.31,2978,378.13,1
Campaign_H,Influencer,Young Adults,2023-03-30,13,66489.05,3323550,144894.0,4.36,16148.0,809055.54,1116.83,6243,176.29,1
Campaign_A,TV,Students,2023-03-30,41,7712.83,323835,8267.0,2.553,671.0,117908.07,1428.73,314,149.26,1
Campaign_F,SEO,Professionals,2023-03-31,32,74686.8,3505985,133813.0,3.817,10450.0,608026.85,714.1,6550,417.01,0
Campaign_E,PPC,Mid-Age,2023-03-31,50,8164.51,302090,12699.0,4.204,272.0,55014.07,573.82,182,348.63,0
Campaign_F,PPC,Young Adults,2023-03-31,27,75390.49,3399722,154259.0,4.537,15118.0,3917671.99,5096.51,10211,377.6,1
Campaign_E,Social Media,Seniors,2023-04-01,16,10526.85,318771,23215.0,7.283,2205.0,570120.5,5315.87,1278,177.14,1
Campaign_H,SEO,Students,2023-04-01,13,70443.77,1054285,40886.0,3.878,845.0,206479.24,193.11,280,369.43,1
Campaign_A,Social Media,Mid-Age,2023-04-02,46,67349.9,2585043,77387.0,2.994,2926.0,377921.58,461.13,1395,365.72,0
Campaign_B,Radio,Seniors,2023-04-02,19,49581.79,1688706,130645.0,7.736,2824.0,654366.31,1219.77,1065,186.64,0
Campaign_B,Email,Students,2023-04-02,42,7698.96,226457,6099.0,2.693,322.0,126527.51,1543.44,186,157.12,0
Campaign_G,Influencer,Seniors,2023-04-03,14,51585.71,1083281,11675.0,1.078,239.0,49142.28,-4.74,87,232.76,1
Campaign_A,PPC,Students,2023-04-03,11,51338.48,2123776,147575.0,6.949,10958.0,3901837.96,7500.22,7572,377.37,1
Campaign_A,PPC,Young Adults,2023-04-03,44,46789.81,2003371,153881.0,7.681,12607.0,2313282.44,4843.99,4763,120.99,0
Campaign_F,SEO,Mid-Age,2023-04-04,25,52364.42,1286458,74291.0,5.775,5707.0,1529850.11,2821.55,1832,440.9,1
Campaign_D,Influencer,Seniors,2023-04-04,37,77608.06,3656167,140892.0,3.854,6469.0,1414405.56,1722.5,4123,149.98,1
Campaign_F,Influencer,Mid-Age,2023-04-04,8,79663.04,1974820,94915.0,4.806,8358.0,2432327.33,2953.27,3183,424.63,1
Campaign_C,Email,Professionals,2023-04-05,16,44037.19,629841,42980.0,6.824,5408.0,1968956.77,4371.12,1674,103.23,0
Campaign_A,SEO,Students,2023-04-05,11,11885.05,198018,14252.0,7.197,824.0,168355.78,1316.53,427,377.54,1
Campaign_E,SEO,Seniors,2023-04-06,21,15047.68,448129,7697.0,1.718,466.0,146831.85,875.78,320,293.86,1
Campaign_A,Social Media,Students,2023-04-06,22,59026.32,778823,55109.0,7.076,4991.0,1791214.39,2934.6,2031,340.89,0
Campaign_D,SEO,Professionals,2023-04-06,26,78647.27,3046520,162118.0,5.321,8168.0,2665549.95,3289.25,3785,487.84,0
Campaign_H,Radio,Young Adults,2023-04-07,19,37704.14,1576177,19323.0,1.226,1234.0,72305.74,91.77,487,54.7,1
Campaign_B,Influencer,Seniors,2023-04-07,31,12352.91,395030,6950.0,1.759,547.0,27386.31,121.7,286,100.09,0
Campaign_B,PPC,Seniors,2023-04-07,54,31478.34,1439628,18984.0,1.319,1333.0,478594.84,1420.39,572,67.17,1
Campaign_H,TV,Students,2023-04-08,11,33875.77,1631845,124671.0,7.64,15754.0,4809061.22,14096.17,8452,274.23,1
Campaign_C,Direct Mail,Mid-Age,2023-04-08,54,79744.65,2225134,88685.0,3.986,11561.0,4454987.55,5486.57,5678,407.32,0
Campaign_C,Radio,Mid-Age,2023-04-09,28,56493.75,766342,,6.009,3332.0,507692.97,798.67,2237,55.77,1
Campaign_F,Influencer,Students,2023-04-09,37,13839.96,266427,2696.0,1.012,210.0,68415.67,394.33,119,396.32,1
Campaign_B,Email,Professionals,2023-04-09,42,30280.75,1099331,72030.0,6.552,10400.0,3437540.36,11252.23,5959,233.54,1
Campaign_A,Email,Young Adults,2023-04-10,45,8641.9,226688,9915.0,4.374,846.0,296154.37,3326.96,418,472.47,0
Campaign_G,TV,Students,2023-04-10,57,53979.54,2018855,150711.0,7.465,22470.0,6565953.53,12063.78,9465,209.87,1
Campaign_H,Direct Mail,Students,2023-04-10,59,55455.45,2033518,94482.0,4.646,11258.0,1107874.98,1897.77,4791,492.76,1
Campaign_H,TV,Young Adults,2023-04-11,12,9312.26,318616,20778.0,6.521,1129.0,325524.52,3395.66,566,291.57,0
Campaign_A,Radio,Students,2023-04-11,28,30164.0,492074,26602.0,5.406,1324.0,346317.74,1048.12,498,495.3,0
Campaign_E,PPC,Professionals,2023-04-12,35,72712.88,1558717,72383.0,4.644,2944.0,491015.72,575.28,1039,326.99,1
Campaign_G,TV,Professionals,2023-04-12,34,67011.2,1682950,128538.0,7.638,16041.0,1973279.16,2844.7,7201,192.78,0
Campaign_G,PPC,Young Adults,2023-04-12,59,48065.94,2065716,92320.0,4.469,5529.0,1989251.16,4038.59,1947,407.6,0
Campaign_C,Email,Professionals,2023-04-13,41,41346.75,1541775,111728.0,7.247,12050.0,1201159.34,2805.09,4727,258.87,0
Campaign_D,Social Media,Mid-Age,2023-04-13,28,79463.89,2844598,35629.0,1.253,3214.0,635630.41,699.9,1652,175.14,1
Campaign_B,Email,Seniors,2023-04-13,55,59164.67,2182318,122251.0,5.602,15572.0,4172976.51,6953.16,9592,254.82,1
Campaign_B,Email,Mid-Age,2023-04-14,45,76447.64,2303220,170015.0,7.382,19994.0,7800234.25,10103.37,7795,439.8,0
Campaign_D,Influencer,Students,2023-04-14,49,10368.89,120126,8763.0,7.295,247.0,70355.91,578.53,152,374.18,0
Campaign_B,Email,Young Adults,2023-04-15,40,20911.34,377341,16585.0,4.395,1061.0,166266.52,695.1,324,111.67,1
Campaign_H,Influencer,Students,2023-04-15,10,7333.33,114488,4928.0,4.304,431.0,30700.85,318.65,301,424.14,1
Campaign_A,Influencer,Young Adults,2023-04-15,58,70093.82,880369,58752.0,6.674,7313.0,1178827.03,1581.78,3706,232.77,0
Campaign_E,Social Media,Professionals,2023-04-16,44,57067.36,1299941,43484.0,3.345,4906.0,748043.8,1210.81,2405,68.95,1
Campaign_E,Email,Mid-Age,2023-04-16,14,18323.87,760609,57503.0,7.56,5257.0,1769915.29,9559.07,2945,99.17,1
Campaign_A,Social Media,Seniors,2023-04-16,20,78064.3,1140150,31408.0,2.755,,714128.45,814.8,1924,61.1,0
Campaign_D,Social Media,Mid-Age,2023-04-17,25,76684.79,1108624,16859.0,1.521,1290.0,108949.42,42.07,597,348.0,0
Campaign_H,Influencer,Young Adults,2023-04-17,20,21844.84,327029,20941.0,6.403,570.0,202060.5,824.98,255,151.06,1
Campaign_A,Direct Mail,Young Adults,2023-04-17,39,53525.73,1112953,42660.0,3.833,5681.0,319948.2,497.75,3926,75.28,1
Campaign_B,Radio,Professionals,2023-04-18,36,55107.72,996804,34792.0,3.49,3077.0,157090.97,185.06,1983,201.86,0
Campaign_B,SEO,Young Adults,2023-04-18,18,5301.26,55973,1817.0,3.246,227.0,49069.15,825.61,113,437.47,1
Campaign_A,TV,Young Adults,2023-04-19,43,56658.48,1193232,93824.0,7.863,6658.0,494204.04,772.25,4225,325.5,1
Campaign_H,Email,Seniors,2023-04-19,22,21600.51,1076823,53859.0,5.002,5198.0,582101.48,2594.85,1869,258.53,1
Campaign_A,Social Media,Professionals,2023-04-19,15,72598.91,1703131,135286.0,7.943,8528.0,3367277.42,4538.19,4364,374.6,1
Campaign_C,Radio,Young Adults,2023-04-20,57,67888.03,1252558,42650.0,3.405,3123.0,1079083.17,1489.5,1499,65.67,1
Campaign_G,PPC,Mid-Age,2023-04-20,23,72897.02,2174412,84753.0,3.898,3319.0,1053494.37,1345.18,1427,444.9,1
Campaign_H,Social Media,Seniors,2023-04-20,19,61816.55,1185316,29423.0,2.482,3425.0,975363.17,1477.84,2285,113.54,0
Campaign_B,Direct Mail,Seniors,2023-04-21,44,17367.91,562473,22569.0,4.012,1273.0,84954.17,389.14,805,40.05,1
Campaign_C,SEO,Young Adults,2023-04-21,47,32041.57,833921,11958.0,1.434,708.0,242538.18,656.95,469,200.31,0
Campaign_B,TV,Professionals,2023-04-22,15,58169.86,2668463,26788.0,1.004,1769.0,380186.25,553.58,980,57.47,1
Campaign_B,Influencer,Mid-Age,2023-04-22,9,29249.38,1378136,57489.0,4.172,4379.0,369640.11,1163.75,1972,108.53,0
Campaign_H,SEO,Students,2023-04-22,52,58252.47,2244027,139627.0,6.222,13250.0,2057232.81,3431.58,7986,377.33,1
Campaign_C,SEO,Seniors,2023-04-23,33,30211.9,562780,22845.0,4.059,2484.0,560611.08,1755.6,853,220.22,1
Campaign_E,PPC,Seniors,2023-04-23,31,18329.71,530754,24552.0,4.626,2647.0,145037.36,691.27,1697,33.24,0
Campaign_B,SEO,Professionals,2023-04-23,29,43862.29,974485,40142.0,4.119,3013.0,416838.96,850.34,938,332.57,1
Campaign_C,Email,Mid-Age,2023-04-24,38,56467.08,2367726,110990.0,4.688,9172.0,1536982.03,2621.91,5753,362.34,1
Campaign_C,Radio,Professionals,2023-04-24,42,43789.68,488997,31438.0,6.429,1202.0,255217.02,482.82,699,453.92,1
Campaign_E,Direct Mail,Mid-Age,2023-04-25,11,53140.05,1939594,128527.0,6.626,11284.0,572026.15,976.45,3784,102.66,1
Campaign_H,Social Media,Mid-Age,2023-04-25,21,37853.83,867953,59597.0,6.866,7987.0,1980016.57,5130.69,2865,432.87,1
Campaign_B,Radio,Young Adults,2023-04-25,57,63374.85,1853092,46086.0,2.487,3680.0,438552.22,592.0,1769,363.09,0
Campaign_F,Influencer,Mid-Age,2023-04-26,15,53747.48,1231881,51799.0,4.205,7352.0,1904445.07,3443.32,3087,294.9,1
Campaign_D,Influencer,Seniors,2023-04-26,55,48095.5,1182745,80628.0,6.817,3245.0,433864.96,802.09,2099,153.03,1
Campaign_G,PPC,Students,2023-04-26,28,37652.88,1392196,105711.0,7.593,12241.0,2337436.76,6107.86,4616,245.19,0
Campaign_C,Influencer,Seniors,2023-04-27,17,45179.57,1527962,73355.0,4.801,8218.0,2204647.54,4779.74,3836,123.19,1
Campaign_D,Email,Mid-Age,2023-04-27,38,8825.73,174427,7763.0,4.451,843.0,235871.75,2572.55,340,367.32,1
Campaign_E,Social Media,Mid-Age,2023-04-28,42,55003.98,646049,41038.0,6.352,4357.0,264506.9,380.89,1528,360.69,0
Campaign_D,SEO,Professionals,2023-04-28,25,20330.88,899455,71433.0,7.942,1635.0,387946.41,1808.16,660,120.02,1
Campaign_G,PPC,Mid-Age,2023-04-28,49,69511.17,2063944,82176.0,3.982,9571.0,3214177.1,4523.97,6163,148.73,0
Campaign_A,SEO,Mid-Age,2023-04-29,10,65925.78,2290868,49384.0,2.156,4195.0,512830.64,677.89,2459,453.52,1
Campaign_C,SEO,Professionals,2023-04-29,13,44596.6,1317382,90110.0,6.84,7942.0,1875868.82,4106.3,5286,251.69,1
Campaign_B,Social Media,Students,2023-04-29,39,68534.83,2382106,142282.0,5.973,3786.0,782434.16,1041.66,1749,289.03,0
Campaign_B,Email,Professionals,2023-04-30,37,55310.24,1940222,39105.0,2.015,1739.0,604262.88,992.5,688,480.55,1
Campaign_A,Direct Mail,Mid-Age,2023-04-30,44,15594.5,165326,5397.0,3.264,747.0,152064.61,875.12,231,127.3,1
Campaign_C,Influencer,Seniors,2023-05-01,52,60557.96,1897302,92447.0,4.873,5640.0,2145141.17,3442.29,2809,324.75,1
Campaign_B,SEO,Students,2023-05-01,56,79685.48,2397283,146719.0,6.12,10447.0,2907921.94,3549.25,3300,393.79,1
Campaign_G,Direct Mail,Professionals,2023-05-01,33,8073.3,111675,7219.0,6.464,321.0,79121.4,880.04,96,180.14,1
Campaign_E,Social Media,Students,2023-05-02,33,23368.96,930908,19457.0,2.09,1988.0,302517.62,1194.53,1077,175.14,0
Campaign_G,PPC,Seniors,2023-05-02,55,49830.56,968425,24377.0,2.517,2834.0,733393.76,1371.78,1037,451.51,0
Campaign_H,TV,Seniors,2023-05-02,57,36139.58,440216,27332.0,6.209,3820.0,366476.47,914.06,2001,76.72,0
Campaign_G,SEO,Mid-Age,2023-05-03,9,52816.72,2224976,40334.0,1.813,3753.0,734407.43,1290.48,1986,103.96,1
Campaign_D,Radio,Seniors,2023-05-03,33,48980.32,2184780,98033.0,4.487,5473.0,818485.95,1571.05,3226,223.15,0
Campaign_H,Social Media,Mid-Age,2023-05-03,55,64099.21,1258125,60666.0,4.822,1772.0,504305.49,686.76,803,405.24,1
Campaign_D,Direct Mail,Young Adults,2023-05-04,9,10317.72,386933,13060.0,3.375,713.0,226305.2,2093.36,415,243.85,1
Campaign_G,TV,Professionals,2023-05-04,58,38046.21,387996,25508.0,6.574,2560.0,960051.45,2423.38,1142,157.17,0
Campaign_B,Email,Young Adults,2023-05-05,46,69504.03,2699953,37472.0,1.388,5494.0,701777.57,909.69,1863,227.54,0
Campaign_H,Social Media,Mid-Age,2023-05-05,15,32207.14,920892,59324.0,6.442,1797.0,646313.95,1906.74,761,239.37,0
Campaign_C,Direct Mail,Mid-Age,2023-05-05,40,42784.16,1784070,98520.0,5.522,6944.0,2403200.49,5517.03,2104,371.7,1
Campaign_F,PPC,Mid-Age,2023-05-06,29,6618.4,170234,7746.0,4.55,826.0,290628.97,4291.23,400,438.31,0
Campaign_C,SEO,Seniors,2023-05-06,24,21813.04,524451,37270.0,7.106,,1091048.76,4901.82,2103,180.99,0
Campaign_B,PPC,Professionals,2023-05-06,39,39774.13,1735400,41922.0,2.416,4390.0,630854.0,1486.09,2695,363.01,0
Campaign_C,SEO,Mid-Age,2023-05-07,45,34922.61,403211,,6.605,2136.0,763097.24,2085.11,839,359.65,1
Campaign_E,Direct Mail,Students,2023-05-07,54,58599.12,1024699,23715.0,2.314,1297.0,337015.02,475.12,443,390.47,0
Campaign_A,Email,Students,2023-05-08,29,50891.0,1347856,106927.0,7.933,8849.0,2736235.54,5276.66,3311,300.37,1
Campaign_B,Email,Students,2023-05-08,15,71021.19,2404317,29557.0,1.229,2057.0,250625.03,252.89,1426,36.91,1
Campaign_H,SEO,Students,2023-05-08,52,69107.8,705210,34360.0,4.872,3855.0,405136.17,486.24,1637,338.26,1
Campaign_A,Direct Mail,Students,2023-05-09,24,23091.49,762155,16585.0,2.176,701.0,102975.55,345.95,330,317.78,0
Campaign_F,Influencer,Students,2023-05-09,47,6322.9,158955,6129.0,3.856,517.0,118382.54,1772.28,170,317.41,1
Campaign_C,Direct Mail,Students,2023-05-09,49,69085.31,2431808,49502.0,2.036,7161.0,1402258.31,1929.75,4409,162.21,0
Campaign_C,Radio,Seniors,2023-05-10,10,29684.06,1373747,32376.0,2.357,2885.0,1040512.21,3405.29,1383,76.01,1
Campaign_C,SEO,Young Adults,2023-05-10,28,31033.23,857599,12236.0,1.427,622.0,33934.13,9.35,208,119.0,1
Campaign_D,Influencer,Seniors,2023-05-11,11,16879.61,543238,5736.0,1.056,812.0,63349.75,275.3,397,131.62,1
Campaign_F,Direct Mail,Students,2023-05-11,39,56975.54,1624463,98038.0,6.035,5072.0,831267.58,1358.99,2968,111.6,0
Campaign_G,SEO,Mid-Age,2023-05-11,49,26008.17,383383,16003.0,4.174,1882.0,204585.22,686.62,920,144.93,1
Campaign_C,Radio,Mid-Age,2023-05-12,36,18255.73,761711,10048.0,1.319,344.0,66172.77,262.48,236,62.29,1
Campaign_B,Social Media,Seniors,2023-05-12,24,42754.31,1941380,147016.0,7.573,19225.0,5789754.57,13441.92,12470,156.58,0
Campaign_A,TV,Young Adults,2023-05-12,58,61281.19,2601917,147249.0,5.659,6401.0,2545653.73,4054.05,3238,499.01,1
Campaign_F,Email,Students,2023-05-13,11,25219.89,1208130,34430.0,2.85,2452.0,296020.55,1073.76,1658,270.35,0
Campaign_H,Social Media,Professionals,2023-05-13,14,59152.93,1698939,69161.0,4.071,10065.0,1440212.14,2334.73,6286,191.88,1
Campaign_A,Influencer,Seniors,2023-05-14,26,39648.13,1431014,63320.0,4.425,6035.0,1925518.21,4756.52,2699,368.63,1
Campaign_E,Email,Young Adults,2023-05-14,57,35282.95,590413,29458.0,4.989,1600.0,232347.84,558.53,973,250.65,0
Campaign_B,Radio,Mid-Age,2023-05-14,54,31964.07,1568551,109832.0,7.002,2205.0,653369.04,1944.07,1107,43.86,0
Campaign_B,Email,Young Adults,2023-05-15,36,15918.57,528849,27126.0,5.129,566.0,143889.18,803.91,291,287.27,0
Campaign_G,Social Media,Seniors,2023-05-15,57,29947.53,612921,48120.0,7.851,,935890.66,3025.1,1362,172.91,1
Campaign_C,SEO,Mid-Age,2023-05-15,54,70943.86,2994893,182319.0,6.088,16133.0,994887.77,1302.36,10026,298.46,0
Campaign_C,Email,Students,2023-05-16,38,12662.52,423683,33554.0,7.92,2786.0,1094651.26,8544.81,1859,111.41,0
Campaign_A,TV,Professionals,2023-05-16,13,76872.5,3688880,179104.0,4.855,25046.0,9705017.79,12524.82,10714,256.8,1
Campaign_H,Social Media,Seniors,2023-05-16,54,13062.24,532927,30638.0,5.749,3656.0,211447.42,1518.77,2035,121.01,0
Campaign_H,Email,Professionals,2023-05-17,40,32152.37,1449769,89382.0,6.165,12532.0,2817548.23,8663.11,6909,170.44,0
Campaign_H,Social Media,Seniors,2023-05-17,14,50472.96,1608371,101057.0,6.283,8744.0,1665724.45,3200.23,5727,352.97,1
Campaign_B,Email,Young Adults,2023-05-18,51,67838.11,2082110,24381.0,1.171,1903.0,264435.37,289.8,911,137.0,1
Campaign_B,Email,Professionals,2023-05-18,28,15768.71,635369,12023.0,1.892,,441268.96,2698.38,423,226.05,1
Campaign_H,SEO,Mid-Age,2023-05-18,48,15582.67,221282,5740.0,2.594,392.0,43555.18,179.51,149,64.38,0
Campaign_E,Email,Professionals,2023-05-19,20,52128.36,633946,18387.0,2.9,871.0,123894.59,137.67,279,352.97,1
Campaign_C,Direct Mail,Students,2023-05-19,7,26956.0,1330227,97606.0,7.338,12568.0,664571.22,2365.39,4276,283.3,1
Campaign_A,Radio,Professionals,2023-05-19,31,53337.66,2488298,150746.0,6.058,16351.0,4138079.93,7658.27,6875,412.48,1
Campaign_G,Radio,Students,2023-05-20,30,66543.74,3209167,64278.0,2.003,4006.0,1407225.77,2014.74,1366,281.49,1
Campaign_G,Direct Mail,Seniors,2023-05-20,52,10765.29,134507,5359.0,3.984,418.0,111885.86,939.32,271,497.28,0
Campaign_A,PPC,Mid-Age,2023-05-21,13,68337.06,1419501,38352.0,2.702,1891.0,525816.24,669.45,841,143.33,1
Campaign_D,Radio,Mid-Age,2023-05-21,55,7818.9,360151,24522.0,6.809,2284.0,167216.5,2038.62,1021,378.79,1
Campaign_D,Direct Mail,Mid-Age,2023-05-21,15,72411.96,983295,73005.0,7.425,4861.0,1459187.26,1915.12,2931,233.19,0
Campaign_D,Influencer,Mid-Age,2023-05-22,56,78171.36,2193283,47156.0,2.15,6310.0,1218786.26,1459.12,2653,206.7,1
Campaign_C,SEO,Seniors,2023-05-22,44,55059.14,1302239,50995.0,3.916,4522.0,975844.71,1672.36,2650,373.82,1
Campaign_C,Direct Mail,Professionals,2023-05-22,26,78819.15,3562154,273212.0,7.67,20087.0,5117272.71,6392.42,12634,479.11,0
Campaign_C,SEO,Young Adults,2023-05-23,57,66649.39,2047672,114661.0,5.6,13466.0,5270289.78,7807.48,5979,385.12,0
Campaign_H,Influencer,Students,2023-05-23,26,8327.41,179996,12737.0,7.076,1753.0,546697.84,6465.04,860,185.16,0
Campaign_H,Influencer,Students,2023-05-24,40,5285.82,163712,5736.0,3.504,724.0,209507.12,3863.57,310,269.65,1
Campaign_A,SEO,Seniors,2023-05-24,7,6559.89,95104,,2.468,197.0,39629.02,504.11,92,132.06,1
Campaign_F,Direct Mail,Mid-Age,2023-05-24,12,38893.02,1526477,89132.0,5.839,5912.0,366885.01,843.32,3146,321.51,1
Campaign_E,SEO,Seniors,2023-05-25,25,51753.7,1797587,35268.0,1.962,3741.0,892376.78,1624.28,1645,219.22,0
Campaign_C,TV,Professionals,2023-05-25,19,41110.39,1398918,96235.0,6.879,12144.0,3416209.58,8209.84,5897,137.22,1
Campaign_B,Email,Professionals,2023-05-25,19,55784.77,1534849,96447.0,6.284,14199.0,4209526.27,7446.01,7078,39.91,1
Campaign_G,PPC,Students,2023-05-26,27,38720.2,842929,26420.0,3.134,2098.0,551267.08,1323.72,649,464.9,0
Campaign_C,Radio,Seniors,2023-05-26,39,8192.29,103347,4641.0,4.491,495.0,76788.59,837.33,180,67.05,0
Campaign_B,Radio,Students,2023-05-27,13,21962.5,1051593,69345.0,6.594,4029.0,513137.43,2236.43,2081,184.78,0
Campaign_H,Direct Mail,Students,2023-05-27,46,79446.82,2118223,159806.0,7.544,5013.0,408724.47,414.46,1509,119.51,0
Campaign_H,Social Media,Students,2023-05-27,51,30939.79,923146,31988.0,3.465,1692.0,500816.74,1518.68,984,262.24,1
Campaign_D,Email,Young Adults,2023-05-28,51,29357.43,734836,47984.0,6.53,1050.0,409263.83,1294.07,695,121.62,0
Campaign_D,SEO,Young Adults,2023-05-28,17,16459.4,814988,19244.0,2.361,1659.0,387804.29,2256.13,998,376.02,0
Campaign_D,Direct Mail,Mid-Age,2023-05-28,53,79035.78,3307400,242259.0,7.325,16597.0,4740334.44,5897.71,7064,135.67,0
Campaign_B,PPC,Mid-Age,2023-05-29,13,22284.45,308203,17887.0,5.804,1934.0,565522.63,2437.75,928,117.16,1
Campaign_A,PPC,Students,2023-05-29,12,53511.99,1836906,38008.0,2.069,3800.0,404718.0,656.31,2129,131.94,1
Campaign_C,PPC,Seniors,2023-05-29,45,8153.56,239595,14804.0,6.179,619.0,72503.78,789.23,354,169.85,0
Campaign_D,SEO,Professionals,2023-05-30,47,9985.42,416732,25288.0,6.068,2720.0,334184.72,3246.73,1879,331.66,1
Campaign_B,Direct Mail,Students,2023-05-30,13,58756.38,2931510,181638.0,6.196,8057.0,3033416.48,5062.7,4005,128.53,1
Campaign_A,TV,Young Adults,2023-05-31,29,52637.61,2093517,71475.0,3.414,1484.0,82292.28,56.34,593,357.52,0
Campaign_H,SEO,Professionals,2023-05-31,28,56012.18,2497983,154340.0,6.179,22552.0,5399153.36,9539.25,10032,232.18,0
Campaign_H,Email,Students,2023-05-31,45,22322.78,672036,45604.0,6.786,1072.0,195117.04,774.07,717,122.59,1
Campaign_C,Influencer,Mid-Age,2023-06-01,34,78866.67,1967243,67474.0,3.43,4347.0,1220518.57,1447.57,2404,142.82,1
Campaign_E,TV,Young Adults,2023-06-01,38,46878.14,1675011,41133.0,2.456,4231.0,538065.82,1047.8,2731,277.85,0
Campaign_B,Direct Mail,Students,2023-06-01,11,77716.11,3106836,224163.0,7.215,15276.0,5902795.9,7495.33,9007,207.96,1
Campaign_H,Radio,Young Adults,2023-06-02,58,17312.79,330697,17675.0,5.345,1229.0,203922.28,1077.87,843,271.45,0
Campaign_G,Social Media,Mid-Age,2023-06-02,36,35382.46,1066268,45025.0,4.223,5130.0,1919001.54,5323.6,2567,411.91,1
Campaign_B,Influencer,Seniors,2023-06-03,42,30176.41,439116,31432.0,7.158,3089.0,791463.97,2522.79,2100,51.54,1
Campaign_B,Email,Young Adults,2023-06-03,32,61630.62,1149664,22441.0,1.952,1961.0,382515.38,520.66,1283,215.0,1
Campaign_C,Social Media,Mid-Age,2023-06-03,20,61067.86,2764808,184525.0,6.674,24951.0,7656462.19,12437.63,15899,225.26,1
Campaign_A,Radio,Mid-Age,2023-06-04,42,41490.78,655109,29058.0,4.436,989.0,240893.34,480.59,668,147.93,1
Campaign_C,SEO,Young Adults,2023-06-04,22,6211.1,263685,3421.0,1.297,277.0,27285.58,339.3,141,237.68,0
Campaign_F,Influencer,Professionals,2023-06-04,18,18140.43,451766,35275.0,7.808,1801.0,534124.77,2844.39,1075,296.32,1
Campaign_F,Email,Mid-Age,2023-06-05,36,8769.93,320460,20658.0,6.446,512.0,129445.31,1376.01,267,304.93,0
Campaign_A,SEO,Seniors,2023-06-05,25,68526.09,3180505,79617.0,2.503,11725.0,2907515.61,4142.93,7158,344.82,0
Campaign_C,Email,Professionals,2023-06-06,54,26732.87,1102355,82300.0,7.466,9499.0,2929026.37,10856.65,5751,66.08,1
Campaign_G,PPC,Seniors,2023-06-06,41,13844.2,595821,44969.0,7.547,2163.0,602867.18,4254.66,1305,246.2,1
Campaign_G,Email,Mid-Age,2023-06-06,26,31562.93,645334,42613.0,6.603,3081.0,548987.67,1639.34,1452,386.08,1
Campaign_E,Email,Students,2023-06-07,8,10796.7,264162,4993.0,1.89,246.0,39721.88,267.91,152,243.87,1
Campaign_F,Influencer,Students,2023-06-07,25,78414.29,3082597,71043.0,2.305,7745.0,1067157.21,1260.92,5038,338.55,0
Campaign_B,PPC,Young Adults,2023-06-07,13,28625.59,1176207,73844.0,6.278,4841.0,1216547.66,4149.86,2684,307.51,1
Campaign_G,PPC,Professionals,2023-06-08,18,74980.0,3119324,230725.0,7.397,32205.0,4990509.85,6555.79,15518,248.42,0
Campaign_D,Influencer,Young Adults,2023-06-08,22,56204.65,2225946,55762.0,2.505,2619.0,241331.43,329.38,1679,67.1,0
Campaign_F,Social Media,Students,2023-06-09,41,47458.02,914274,38635.0,4.226,,819254.69,1626.27,1546,327.62,1
Campaign_C,Direct Mail,Young Adults,2023-06-09,12,40662.27,876819,18269.0,2.084,2578.0,317600.02,681.07,1257,281.22,1
Campaign_B,Email,Young Adults,2023-06-09,15,56553.51,2696564,117194.0,4.346,15822.0,1704139.32,2913.32,8416,32.67,1
Campaign_E,TV,Young Adults,2023-06-10,9,56470.65,1815780,99826.0,5.498,5801.0,2013819.13,3466.13,3331,127.22,1
Campaign_E,PPC,Students,2023-06-10,55,5789.08,232593,2628.0,1.13,217.0,64176.62,1008.58,124,58.86,1
Campaign_E,Influencer,Seniors,2023-06-10,59,73083.78,2482497,136549.0,5.5,18417.0,5859459.49,7917.46,7816,298.01,0
Campaign_G,PPC,Students,2023-06-11,22,32597.26,1531421,83895.0,5.478,8992.0,1552254.71,4661.92,3750,37.12,0
Campaign_G,PPC,Mid-Age,2023-06-11,31,31495.48,1409462,58986.0,4.185,6066.0,1614178.81,5025.11,3972,425.94,1
Campaign_C,Direct Mail,Young Adults,2023-06-11,22,35494.29,726035,52766.0,7.268,5586.0,2101832.98,5821.61,3769,475.3,0
Campaign_D,Influencer,Students,2023-06-12,35,56396.21,2559732,49754.0,1.944,6952.0,1035458.98,1736.04,3203,488.52,1
Campaign_A,PPC,Professionals,2023-06-12,36,33201.33,730481,,1.359,866.0,64202.41,93.37,576,136.49,0
Campaign_G,Social Media,Professionals,2023-06-13,20,33037.33,913125,40824.0,4.471,1781.0,195566.84,491.96,869,262.72,1
Campaign_B,Social Media,Young Adults,2023-06-13,41,9759.87,429915,20340.0,4.731,1656.0,602971.46,6078.07,607,448.85,0
Campaign_A,Email,Professionals,2023-06-13,7,36248.12,832284,23860.0,2.867,2738.0,406691.24,1021.97,1624,353.05,0
Campaign_E,Social Media,Seniors,2023-06-14,41,16210.89,350655,27110.0,7.731,2276.0,505132.07,3016.0,724,170.41,1
Campaign_H,Email,Young Adults,2023-06-14,46,69169.19,2541710,70560.0,2.776,4284.0,1015732.66,1368.48,1480,421.96,1
Campaign_D,PPC,Young Adults,2023-06-14,9,30088.33,1504026,43483.0,2.891,4636.0,1789518.11,5847.55,3135,299.75,0
Campaign_B,Radio,Seniors,2023-06-15,45,77065.05,1174647,78430.0,6.677,6159.0,957833.24,1142.89,3122,373.09,1
Campaign_B,Radio,Students,2023-06-15,46,56339.6,2143295,159884.0,7.46,23209.0,5395789.67,9477.26,9435,485.62,1
Campaign_G,SEO,Young Adults,2023-06-16,58,61711.37,1917879,91156.0,4.753,5996.0,2310519.72,3644.07,2951,498.83,0
Campaign_F,TV,Seniors,2023-06-16,49,76081.34,2010426,22785.0,1.133,2580.0,310814.37,308.53,1370,267.27,1
Campaign_D,Influencer,Mid-Age,2023-06-16,8,22920.11,916674,31973.0,3.488,2946.0,763779.53,3232.36,1636,103.61,1
Campaign_H,Email,Professionals,2023-06-17,11,47546.82,1530696,39301.0,2.568,1182.0,85414.11,79.64,519,321.19,0
Campaign_A,SEO,Students,2023-06-17,14,8054.44,337581,15451.0,4.577,1252.0,177835.72,2107.92,569,332.61,1
Campaign_E,PPC,Mid-Age,2023-06-17,37,12556.9,499188,28843.0,5.778,686.0,50918.51,305.5,356,298.91,0
Campaign_C,Email,Seniors,2023-06-18,44,32494.02,1605359,60153.0,3.747,7379.0,1221618.99,3659.52,4063,228.36,1
Campaign_B,Email,Professionals,2023-06-18,41,56187.64,2384301,113528.0,4.761,13111.0,1602843.78,2752.66,8765,303.33,1
Campaign_H,Social Media,Students,2023-06-19,24,67377.02,853801,53951.0,6.319,,472095.41,600.68,654,281.0,0
Campaign_H,Influencer,Mid-Age,2023-06-19,17,24230.32,997881,27172.0,2.723,2308.0,489730.84,1921.15,1499,474.01,1
Campaign_G,PPC,Professionals,2023-06-19,10,61180.79,2201782,52221.0,2.372,7572.0,1451931.57,2273.18,5279,423.67,1
Campaign_B,PPC,Students,2023-06-20,26,21821.84,296594,19692.0,6.639,1122.0,327975.29,1402.97,488,215.03,0
Campaign_F,PPC,Young Adults,2023-06-20,22,5454.17,186639,2350.0,1.259,323.0,123230.88,2159.39,100,298.31,1
Campaign_C,Influencer,Students,2023-06-20,23,9080.98,363531,7467.0,2.054,296.0,46039.9,406.99,160,296.04,1
Campaign_D,SEO,Professionals,2023-06-21,11,48916.9,875014,9507.0,1.086,198.0,14525.85,-70.31,130,270.04,1
Campaign_B,TV,Professionals,2023-06-21,22,42286.07,1158488,56623.0,4.888,5037.0,445386.95,953.27,1618,57.29,1
Campaign_E,SEO,Young Adults,2023-06-22,51,25281.89,801422,41678.0,5.201,2129.0,745203.77,2847.58,806,364.92,0
Campaign_G,Social Media,Professionals,2023-06-22,19,5491.09,145657,6870.0,4.717,922.0,319057.41,5710.46,525,373.7,0
Campaign_B,Direct Mail,Professionals,2023-06-22,53,47600.78,2143948,83611.0,3.9,8997.0,1946751.9,3989.75,5612,257.57,0
Campaign_E,Email,Young Adults,2023-06-23,11,66320.5,1111274,52265.0,4.703,5712.0,580767.81,775.7,1911,453.74,1
Campaign_F,Direct Mail,Students,2023-06-23,40,10140.87,414378,9769.0,2.358,1050.0,245984.85,2325.68,467,492.44,0
Campaign_F,Radio,Students,2023-06-23,12,60235.58,2477106,168039.0,6.784,18192.0,5165575.86,8475.62,7194,412.07,1
Campaign_C,SEO,Young Adults,2023-06-24,27,52590.7,1468395,115495.0,7.865,13527.0,2249307.05,4177.01,9278,466.1,1
Campaign_A,Social Media,Professionals,2023-06-24,57,40951.61,1293215,61872.0,4.784,6625.0,522588.68,1176.11,3796,259.13,0
Campaign_G,TV,Mid-Age,2023-06-24,47,8625.6,139238,5041.0,3.62,647.0,105253.68,1120.25,317,459.69,1
Campaign_E,PPC,Mid-Age,2023-06-25,34,74267.86,1322436,86520.0,6.542,8007.0,2335649.01,3044.9,5164,469.46,0
Campaign_F,Email,Mid-Age,2023-06-25,40,40808.07,1275929,30003.0,2.351,,771907.24,1791.56,1013,323.08,0
Campaign_E,Social Media,Seniors,2023-06-26,42,34970.52,663993,21549.0,3.245,1738.0,202531.84,479.15,1154,100.84,1
Campaign_D,SEO,Students,2023-06-26,48,69610.66,2941650,222973.0,7.58,17220.0,6373027.49,9055.25,6810,101.58,0
Campaign_C,PPC,Professionals,2023-06-26,38,68418.37,2370609,54620.0,2.304,3453.0,724501.62,958.93,1073,251.98,0
Campaign_F,Radio,Mid-Age,2023-06-27,34,59544.57,730203,13032.0,1.785,964.0,271969.8,356.75,454,375.72,1
Campaign_G,Email,Professionals,2023-06-27,11,67202.0,1634021,78832.0,4.824,5522.0,1945370.93,2794.81,2107,265.66,1
Campaign_C,Social Media,Professionals,2023-06-27,57,14324.64,635112,32466.0,5.112,1118.0,274034.26,1813.03,709,405.93,1
Campaign_A,Direct Mail,Young Adults,2023-06-28,37,62068.67,1309510,67833.0,5.18,8680.0,620719.68,900.05,4454,391.8,0
Campaign_B,Social Media,Mid-Age,2023-06-28,22,29602.56,1148245,24702.0,2.151,2923.0,418054.87,1312.23,1214,125.7,0
Campaign_E,Influencer,Young Adults,2023-06-29,14,70062.11,963494,58272.0,6.048,3722.0,1232045.29,1658.5,2268,92.4,0
Campaign_B,Direct Mail,Professionals,2023-06-29,39,32767.36,1547318,41715.0,2.696,5959.0,1451088.86,4328.46,3043,361.74,0
Campaign_G,Radio,Seniors,2023-06-29,48,9072.8,253800,19381.0,7.636,2779.0,459024.08,4959.34,1392,180.58,1
Campaign_C,Email,Mid-Age,2023-06-30,49,36078.52,1070183,27778.0,2.596,3649.0,927413.8,2470.54,1358,467.76,0
Campaign_D,PPC,Professionals,2023-06-30,53,61758.28,2025251,22706.0,1.121,540.0,77759.75,25.91,376,438.2,1
Campaign_B,PPC,Students,2023-06-30,54,42569.9,1044550,51965.0,4.975,3547.0,476552.24,1019.46,1999,242.08,0
Campaign_D,SEO,Professionals,2023-07-01,40,62272.54,2429339,58788.0,2.42,4670.0,1587508.4,2449.29,2997,302.84,1
Campaign_F,Direct Mail,Professionals,2023-07-01,57,7645.53,80915,4369.0,5.399,495.0,94061.71,1130.28,298,428.14,0
Campaign_G,PPC,Professionals,2023-07-02,10,18287.32,301524,7853.0,2.604,805.0,117446.39,542.23,403,439.54,0
Campaign_F,SEO,Mid-Age,2023-07-02,27,47270.59,829732,33160.0,3.996,3587.0,693050.55,1366.13,1090,291.78,0
Campaign_E,TV,Mid-Age,2023-07-02,32,33898.53,1200469,27089.0,2.257,3243.0,1207114.86,3460.97,1837,486.8,1
Campaign_D,Email,Young Adults,2023-07-03,44,56013.18,2555547,102264.0,4.002,,1659947.11,2863.49,4986,274.86,1
Campaign_C,SEO,Mid-Age,2023-07-03,22,77191.57,968413,18938.0,1.956,1736.0,199345.35,158.25,1188,49.32,1
Campaign_H,PPC,Seniors,2023-07-03,22,54489.65,2402903,80877.0,3.366,11122.0,1933200.49,3447.83,4445,294.47,0
Campaign_F,SEO,Seniors,2023-07-04,54,36302.22,1553028,37156.0,2.392,4678.0,332856.42,816.9,2090,395.19,1
Campaign_H,SEO,Students,2023-07-04,41,45677.3,596775,40059.0,6.713,2560.0,195129.42,327.19,1332,492.92,1
Campaign_F,SEO,Students,2023-07-05,40,73461.99,1155493,70548.0,6.105,8873.0,477744.54,550.33,4445,79.52,1
Campaign_A,TV,Professionals,2023-07-05,16,55474.19,1331481,,2.168,1017.0,102885.29,85.47,571,237.05,1
Campaign_C,Email,Seniors,2023-07-05,33,65238.46,951619,15038.0,1.58,611.0,167496.84,156.75,374,305.73,1
Campaign_D,SEO,Mid-Age,2023-07-06,29,27613.88,1113707,13144.0,1.18,1958.0,232510.83,742.01,1180,444.29,1
Campaign_C,Direct Mail,Seniors,2023-07-06,39,60824.09,1834623,47456.0,2.587,3593.0,654739.77,976.45,2383,366.47,1
Campaign_H,Social Media,Professionals,2023-07-06,55,15457.35,408546,17817.0,4.361,1423.0,422566.78,2633.76,694,138.69,1
Campaign_D,Email,Professionals,2023-07-07,21,61233.17,2387965,90723.0,3.799,13030.0,796629.53,1200.98,6693,433.91,0
Campaign_B,SEO,Professionals,2023-07-07,49,71116.89,1544361,120467.0,7.8,8076.0,994725.93,1298.72,5246,342.19,0
Campaign_E,Radio,Seniors,2023-07-07,40,72517.44,3253223,212946.0,6.546,10818.0,4311631.54,5845.65,4467,450.72,0
Campaign_D,Direct Mail,Students,2023-07-08,33,13744.25,496973,7689.0,1.547,231.0,59814.36,335.2,92,422.16,0
Campaign_B,Radio,Seniors,2023-07-08,57,67241.15,1604388,33893.0,2.113,2980.0,837358.78,1145.31,904,90.75,0
Campaign_H,Influencer,Young Adults,2023-07-09,14,13245.24,418482,4964.0,1.186,228.0,52580.63,296.98,135,481.42,1
Campaign_H,Email,Students,2023-07-09,42,40879.77,833045,16390.0,1.967,465.0,180449.0,341.41,267,243.52,1
Campaign_G,Direct Mail,Young Adults,2023-07-09,28,56189.11,2775698,130622.0,4.706,16419.0,1650174.47,2836.82,6743,491.8,1
Campaign_C,TV,Students,2023-07-10,43,41318.68,1133130,17418.0,1.537,1092.0,80349.88,94.46,384,117.89,1
Campaign_G,Radio,Professionals,2023-07-10,14,30493.22,1398753,19849.0,1.419,1892.0,635065.24,1982.64,599,402.86,0
Campaign_C,SEO,Young Adults,2023-07-10,46,56286.59,2764843,50517.0,1.827,1697.0,87283.04,55.07,840,173.3,0
Campaign_H,PPC,Students,2023-07-11,10,54565.91,1715099,97518.0,5.686,8359.0,2060883.29,3676.87,3154,51.06,1
Campaign_H,PPC,Professionals,2023-07-11,25,48716.95,1909695,21684.0,1.135,2214.0,111794.46,129.48,1366,497.2,1
Campaign_B,PPC,Students,2023-07-12,55,44632.15,1467945,114314.0,7.787,8971.0,1541985.95,3354.88,6100,172.66,1
Campaign_C,Email,Students,2023-07-12,40,57930.49,791487,29011.0,3.665,1853.0,514782.42,788.62,1131,67.84,1
Campaign_F,Email,Professionals,2023-07-12,33,35227.78,1694340,56863.0,3.356,3435.0,829773.13,2255.45,2200,434.43,0
Campaign_B,PPC,Students,2023-07-13,24,10157.62,287109,12413.0,4.323,424.0,104283.57,926.65,295,233.05,1
Campaign_G,Direct Mail,Young Adults,2023-07-13,11,45309.09,2073458,95898.0,4.625,3360.0,353039.13,679.18,2003,300.93,1
Campaign_F,Influencer,Students,2023-07-13,12,59259.17,2146616,84578.0,3.94,7141.0,1093690.18,1745.6,3762,492.88,1
Campaign_B,Direct Mail,Students,2023-07-14,44,27436.99,389814,17168.0,4.404,653.0,194927.15,610.45,407,255.93,1
Campaign_G,TV,Mid-Age,2023-07-14,21,15556.34,415076,14021.0,3.378,687.0,39951.8,156.82,361,61.54,0
Campaign_A,TV,Students,2023-07-15,10,73388.09,1308797,42588.0,3.254,1764.0,455727.91,520.98,834,354.86,0
Campaign_D,Social Media,Professionals,2023-07-15,30,69781.22,1171933,,1.191,1735.0,400738.09,474.28,543,363.98,0
Campaign_B,PPC,Professionals,2023-07-15,27,51382.57,1983549,113113.0,5.703,8875.0,1512167.1,2842.96,4945,121.28,1
Campaign_A,SEO,Professionals,2023-07-16,57,63995.54,716801,38140.0,5.321,3502.0,585434.1,814.8,2307,286.34,1
Campaign_F,Social Media,Students,2023-07-16,19,77660.4,3777838,214647.0,5.682,20559.0,6776894.55,8626.32,11867,203.53,1
Campaign_B,Direct Mail,Young Adults,2023-07-16,21,47694.42,1335297,101314.0,7.587,7246.0,1331082.24,2690.86,3345,53.46,1
Campaign_F,Email,Seniors,2023-07-17,15,23313.63,689857,29743.0,4.311,1748.0,136258.16,484.46,955,176.45,0
Campaign_A,PPC,Mid-Age,2023-07-17,16,52910.9,1162831,83402.0,7.172,5814.0,2248354.05,4149.32,3634,457.48,1
Campaign_H,Social Media,Young Adults,2023-07-18,35,73594.53,987980,40582.0,4.108,3633.0,347421.04,372.07,2200,171.12,0
Campaign_H,PPC,Mid-Age,2023-07-18,18,56761.12,1903183,82660.0,4.343,5506.0,1812073.28,3092.46,2733,134.84,1
Campaign_C,Radio,Professionals,2023-07-18,45,6968.03,165770,9002.0,5.43,339.0,18604.38,167.0,150,472.23,0
Campaign_D,Social Media,Seniors,2023-07-19,50,73784.95,2579736,64785.0,2.511,8990.0,1596079.63,2063.15,4124,209.69,1
Campaign_E,Email,Students,2023-07-19,32,61525.64,1983020,50001.0,2.521,5760.0,1326603.98,2056.18,3819,472.06,1
Campaign_E,Influencer,Seniors,2023-07-19,19,35137.33,656240,29982.0,4.569,857.0,51783.26,47.37,315,443.71,0
Campaign_A,Social Media,Mid-Age,2023-07-20,50,79061.89,2250588,33314.0,1.48,4588.0,1408196.31,1681.13,2960,251.12,1
Campaign_H,Radio,Seniors,2023-07-20,58,59125.95,1319840,35062.0,2.657,1478.0,208698.81,252.97,558,210.93,1
Campaign_H,Direct Mail,Professionals,2023-07-20,55,66908.08,1310659,85899.0,6.554,2809.0,672499.77,905.11,1944,94.73,0
Campaign_D,Direct Mail,Mid-Age,2023-07-21,55,75737.49,3089193,131171.0,4.246,5577.0,1825433.92,2310.21,2673,119.59,0
Campaign_E,Radio,Mid-Age,2023-07-21,49,7968.38,83478,990.0,1.186,139.0,35707.69,348.12,82,139.25,1
Campaign_B,SEO,Professionals,2023-07-22,46,63081.49,1309276,18659.0,1.425,909.0,190403.36,201.84,537,251.07,0
Campaign_F,PPC,Mid-Age,2023-07-22,57,33975.98,1061526,78941.0,7.437,9655.0,1618557.7,4663.83,5880,204.89,0
Campaign_E,Influencer,Professionals,2023-07-22,24,70180.63,2038455,156900.0,7.697,16254.0,1069299.14,1423.64,10008,406.18,1
Campaign_C,Social Media,Professionals,2023-07-23,56,70917.19,3376127,185272.0,5.488,16187.0,5982024.84,8335.23,5109,169.44,1
Campaign_C,PPC,Young Adults,2023-07-23,8,67146.39,2937406,67402.0,2.295,4551.0,1170408.03,1643.07,1862,229.52,0
Campaign_A,Email,Students,2023-07-23,51,63440.04,2541668,90905.0,3.577,2916.0,790345.19,1145.81,1142,87.67,1
Campaign_G,Influencer,Young Adults,2023-07-24,24,64571.21,1973497,61933.0,3.138,6960.0,1421088.4,2100.81,4032,157.47,1
Campaign_A,PPC,Professionals,2023-07-24,22,27241.44,739775,48056.0,6.496,3427.0,618399.6,2170.07,1964,398.02,1
Campaign_E,Influencer,Young Adults,2023-07-25,42,35489.62,406809,19362.0,4.759,1733.0,114948.43,223.89,725,362.34,1
Campaign_G,TV,Professionals,2023-07-25,16,13629.12,584235,37727.0,6.458,1008.0,110020.25,707.24,622,219.04,0
Campaign_A,Radio,Students,2023-07-25,59,67294.36,1832325,64563.0,3.524,7803.0,1552344.24,2206.8,3313,301.41,0
Campaign_B,Radio,Seniors,2023-07-26,45,53450.49,1220739,86508.0,7.087,9515.0,1280686.87,2296.02,4159,245.42,1
Campaign_G,SEO,Mid-Age,2023-07-26,8,50953.75,1745949,69910.0,4.004,6208.0,406963.61,698.69,2852,450.75,1
Campaign_G,Direct Mail,Mid-Age,2023-07-26,51,23455.85,942116,36946.0,3.922,3122.0,752729.54,3109.13,1866,215.5,1
Campaign_A,PPC,Seniors,2023-07-27,12,51127.71,1580973,69937.0,4.424,4462.0,947906.37,1754.0,1359,369.39,1
Campaign_C,TV,Professionals,2023-07-27,50,39091.38,624810,32131.0,5.143,2072.0,409179.7,946.73,1372,132.71,0
Campaign_E,Email,Professionals,2023-07-28,50,79645.16,3732638,270944.0,7.259,7830.0,2540680.72,3090.0,4516,234.03,1
Campaign_E,Radio,Seniors,2023-07-28,41,69730.12,1012061,42549.0,4.204,4649.0,1207971.73,1632.35,2485,278.79,0
Campaign_E,PPC,Mid-Age,2023-07-28,38,44448.72,2168335,162862.0,7.511,4209.0,212534.73,378.16,1662,79.18,1
Campaign_C,SEO,Seniors,2023-07-29,50,65634.17,1818006,68278.0,3.756,1378.0,436369.14,564.85,846,306.09,1
Campaign_E,TV,Professionals,2023-07-29,52,17337.88,829876,27153.0,3.272,,142726.48,723.21,423,300.09,1
Campaign_A,Email,Seniors,2023-07-29,44,12605.04,587218,18000.0,3.065,836.0,193019.77,1431.29,418,104.61,1
Campaign_G,TV,Professionals,2023-07-30,16,52298.81,1372879,15761.0,1.148,1483.0,535882.74,924.66,618,499.37,1
Campaign_E,SEO,Young Adults,2023-07-30,42,59508.94,2499435,173560.0,6.944,18840.0,1662194.39,2693.18,8519,73.47,0
Campaign_C,SEO,Seniors,2023-07-31,17,8979.23,122035,1897.0,1.554,141.0,36630.58,307.95,65,450.79,0
Campaign_C,Radio,Young Adults,2023-07-31,9,20072.25,267149,8923.0,3.34,652.0,96988.85,383.2,275,261.01,0
Campaign_C,TV,Students,2023-07-31,15,45295.1,1097874,30226.0,2.753,2870.0,180376.51,298.23,1678,134.67,0
Campaign_D,Social Media,Students,2023-08-01,31,9711.24,333983,20743.0,6.211,,411041.14,4132.63,884,83.02,0
Campaign_B,Direct Mail,Mid-Age,2023-08-01,58,36803.96,381761,28739.0,7.528,3731.0,556906.08,1413.17,2344,358.73,0
Campaign_E,Radio,Students,2023-08-01,8,41155.98,1259661,84611.0,6.717,10701.0,540641.66,1213.64,5195,384.59,1
Campaign_B,PPC,Professionals,2023-08-02,10,74135.73,3634569,117759.0,3.24,14962.0,3329505.04,4391.09,8252,346.52,1
Campaign_C,Radio,Seniors,2023-08-02,11,28675.74,1271419,53276.0,4.19,6912.0,1098269.78,3729.96,4694,227.34,1
Campaign_G,Influencer,Seniors,2023-08-02,17,17650.14,340626,9296.0,2.729,1249.0,252226.99,1329.04,597,111.11,1
Campaign_E,SEO,Young Adults,2023-08-03,35,5563.12,173139,12929.0,7.467,1191.0,64440.13,1058.35,438,401.08,0
Campaign_H,TV,Young Adults,2023-08-03,50,14120.61,238021,4358.0,1.831,424.0,80824.45,472.39,220,439.48,0
Campaign_F,Direct Mail,Seniors,2023-08-04,9,61314.95,1258820,96471.0,7.664,11049.0,2371574.9,3767.86,5509,214.18,0
Campaign_G,Radio,Seniors,2023-08-04,49,38369.14,1800281,120539.0,6.696,5529.0,1178270.82,2970.88,3389,425.37,0
Campaign_A,PPC,Students,2023-08-04,55,19904.38,993450,59418.0,5.981,3972.0,1195270.79,5905.06,2558,328.73,1
Campaign_E,Direct Mail,Professionals,2023-08-05,11,74977.08,1477231,94808.0,6.418,13144.0,5217514.76,6858.81,7689,277.68,1
Campaign_C,Radio,Young Adults,2023-08-05,30,64065.37,1184101,39968.0,3.375,3515.0,210027.66,227.83,2420,316.98,0
Campaign_A,Social Media,Young Adults,2023-08-05,50,13577.35,344245,10572.0,3.071,282.0,53187.82,291.74,114,80.64,1
Campaign_A,Direct Mail,Seniors,2023-08-06,44,25171.8,700638,25713.0,3.67,1869.0,653871.71,2497.64,739,88.94,0
Campaign_B,PPC,Mid-Age,2023-08-06,16,68708.11,932365,21176.0,2.271,866.0,232948.69,239.04,360,371.55,0
Campaign_A,PPC,Students,2023-08-07,14,56932.38,905700,56375.0,6.224,3738.0,1473745.83,2488.59,2124,485.88,1
Campaign_D,Direct Mail,Mid-Age,2023-08-07,30,75915.89,2049204,88634.0,4.325,8052.0,2413148.81,3078.71,3164,268.67,1
Campaign_A,Email,Seniors,2023-08-07,51,10718.71,208123,14986.0,7.201,1283.0,389373.26,3532.65,430,55.38,1
Campaign_G,Direct Mail,Seniors,2023-08-08,57,63155.84,2766061,197736.0,7.149,16562.0,1269139.2,1909.54,11445,61.99,1
Campaign_E,Email,Students,2023-08-08,32,10730.86,429898,8989.0,2.091,201.0,29414.17,174.11,85,249.66,1
Campaign_H,Social Media,Young Adults,2023-08-08,35,30249.65,951458,24088.0,2.532,1875.0,476875.12,1476.46,729,339.1,0
Campaign_A,Social Media,Professionals,2023-08-09,36,61300.16,1673811,64851.0,3.874,1541.0,358802.49,485.32,683,102.79,1
Campaign_A,Email,Mid-Age,2023-08-09,32,58325.75,2521976,46195.0,1.832,3355.0,1063222.98,1722.9,1219,45.53,1
Campaign_G,Email,Mid-Age,2023-08-10,41,5158.84,85842,5001.0,5.826,520.0,206845.7,3909.54,163,372.85,1
Campaign_D,Social Media,Students,2023-08-10,21,20145.72,916539,56487.0,6.163,2054.0,251371.59,1147.77,867,98.68,1
Campaign_G,Radio,Young Adults,2023-08-10,35,63393.03,758376,45877.0,6.049,6385.0,1276614.94,1913.81,2778,235.94,1
Campaign_B,TV,Seniors,2023-08-11,39,14461.06,678741,29127.0,4.291,2969.0,1049226.76,7155.53,1853,375.04,0
Campaign_A,TV,Young Adults,2023-08-11,36,29478.42,458460,31645.0,6.902,1528.0,524642.2,1679.75,724,88.89,1
Campaign_D,Social Media,Mid-Age,2023-08-11,58,18791.71,798346,41840.0,5.241,2980.0,1001332.75,5228.59,1772,238.09,0
Campaign_E,Direct Mail,Students,2023-08-12,46,13359.09,143233,11394.0,7.955,371.0,99108.11,641.88,220,82.38,0
Campaign_A,TV,Mid-Age,2023-08-12,45,67746.93,2886231,,6.708,4427.0,1760253.67,2498.28,2725,193.33,1
Campaign_A,Radio,Professionals,2023-08-13,49,9600.63,320304,19397.0,6.056,2697.0,472692.96,4823.56,1799,458.84,1
Campaign_B,Social Media,Mid-Age,2023-08-13,34,45203.75,486454,9063.0,1.863,976.0,88526.32,95.84,487,352.48,1
Campaign_A,Social Media,Students,2023-08-13,23,56950.29,2333161,159312.0,6.828,19333.0,1863623.25,3172.37,6603,40.85,1
Campaign_H,Social Media,Young Adults,2023-08-14,35,9319.27,131050,4113.0,3.138,414.0,83831.76,799.55,130,93.2,1
Campaign_H,Direct Mail,Professionals,2023-08-14,55,52507.01,1659022,65239.0,3.932,8995.0,2983933.79,5582.92,3371,168.1,0
Campaign_A,Social Media,Students,2023-08-14,53,30054.91,699683,29661.0,4.239,4047.0,843784.07,2707.47,2556,450.91,1
Campaign_D,Influencer,Students,2023-08-15,25,67515.89,2725395,90460.0,3.319,2493.0,658112.4,874.75,1320,381.13,0
Campaign_D,Influencer,Mid-Age,2023-08-15,32,64824.47,2860630,50320.0,1.759,,393565.48,507.12,799,320.22,1
Campaign_A,Email,Mid-Age,2023-08-16,21,64542.88,1844059,44175.0,2.396,3156.0,947402.55,1367.87,1114,101.72,1
Campaign_F,TV,Seniors,2023-08-16,7,34899.76,1407074,93208.0,6.624,5997.0,621286.69,1680.2,3937,466.57,0
Campaign_G,Email,Mid-Age,2023-08-16,23,66691.11,3112140,173218.0,5.566,15299.0,3549987.1,5223.03,7772,409.82,1
Campaign_E,Social Media,Young Adults,2023-08-17,12,52248.65,1962878,149176.0,7.6,8152.0,935811.57,1691.07,3006,142.53,1
Campaign_H,SEO,Students,2023-08-17,26,33401.27,764208,,6.747,6376.0,1364510.21,3985.2,4199,220.03,1
Campaign_F,Influencer,Students,2023-08-17,9,11050.25,315291,12030.0,3.816,252.0,50569.57,357.63,148,231.34,1
Campaign_E,Radio,Students,2023-08-18,23,10011.42,192218,12500.0,6.503,1536.0,401812.61,3913.54,754,306.13,1
Campaign_H,Social Media,Seniors,2023-08-18,44,23855.12,675966,34034.0,5.035,2421.0,552813.16,2217.38,1176,206.16,1
Campaign_F,Influencer,Seniors,2023-08-18,51,27468.85,544861,16368.0,3.004,338.0,132330.18,381.75,192,128.71,0
Campaign_G,Direct Mail,Professionals,2023-08-19,54,74564.62,3153336,246768.0,7.826,32109.0,11723286.75,15622.32,13977,343.49,1
Campaign_G,PPC,Seniors,2023-08-19,36,79995.35,2751575,206352.0,7.499,16111.0,2463811.66,2979.94,11277,348.45,1
Campaign_A,Social Media,Students,2023-08-20,35,15775.54,557347,9950.0,1.785,1136.0,104979.9,565.46,697,237.92,1
Campaign_F,SEO,Seniors,2023-08-20,58,75707.62,1090987,75015.0,6.876,10066.0,731426.89,866.12,5600,258.73,1
Campaign_F,Social Media,Young Adults,2023-08-20,36,57990.5,583292,9004.0,1.544,220.0,26245.52,-54.74,126,53.81,0
Campaign_D,PPC,Mid-Age,2023-08-21,11,42395.61,1762278,132201.0,7.502,7149.0,913196.05,2053.99,4993,244.37,1
Campaign_E,Radio,Students,2023-08-21,56,76601.5,2427674,130345.0,5.369,4621.0,1668358.81,2077.97,1406,406.19,1
Campaign_G,SEO,Students,2023-08-21,39,58526.99,2766110,59916.0,2.166,1961.0,732814.54,1152.1,606,308.0,1
Campaign_B,Influencer,Students,2023-08-22,42,49524.09,1559492,104810.0,6.721,14980.0,1957355.74,3852.33,9197,462.73,0
Campaign_E,SEO,Students,2023-08-22,12,20714.51,385023,17751.0,4.61,2213.0,698325.17,3271.19,849,366.76,1
Campaign_G,Direct Mail,Mid-Age,2023-08-23,31,23333.3,885243,12542.0,1.417,845.0,289427.19,1140.4,485,395.49,1
Campaign_C,Social Media,Professionals,2023-08-23,31,73362.63,2790664,183876.0,6.589,20106.0,3661879.72,4891.48,10079,245.46,1
Campaign_C,Direct Mail,Students,2023-08-23,50,21127.91,266661,17381.0,6.518,2425.0,861015.5,3975.25,1036,111.52,1
Campaign_A,Radio,Mid-Age,2023-08-24,27,7422.95,280186,12256.0,4.374,596.0,236032.86,3079.77,233,458.73,1
Campaign_C,Social Media,Seniors,2023-08-24,25,24967.03,461918,28259.0,6.118,617.0,239845.37,860.65,376,339.82,1
Campaign_C,Radio,Professionals,2023-08-24,43,41041.68,828254,10610.0,1.281,1348.0,417431.64,917.09,496,457.45,0
Campaign_H,Email,Young Adults,2023-08-25,7,33647.36,378754,12221.0,3.227,1392.0,250674.1,645.0,505,320.24,1
Campaign_A,Influencer,Mid-Age,2023-08-25,46,75185.22,2638616,150732.0,5.713,6154.0,796647.12,959.58,2934,243.61,1
Campaign_F,Radio,Young Adults,2023-08-26,7,36393.05,1429125,37360.0,2.614,3125.0,1242201.64,3313.29,1086,93.33,0
Campaign_A,Radio,Mid-Age,2023-08-26,19,71678.95,1377645,57211.0,4.153,2337.0,342746.96,378.17,1300,216.92,1
Campaign_G,Radio,Mid-Age,2023-08-26,33,49599.72,2068385,155617.0,7.524,15303.0,3113149.64,6176.55,10662,310.85,0
Campaign_D,Influencer,Professionals,2023-08-27,17,44309.35,1793697,121742.0,6.787,12683.0,1806612.02,3977.27,7599,467.46,1
Campaign_D,PPC,Professionals,2023-08-27,8,17014.67,449028,22029.0,4.906,1232.0,275526.45,1519.35,666,419.77,1
Campaign_H,Radio,Professionals,2023-08-27,29,25327.39,322392,16238.0,5.037,1973.0,174873.64,590.45,903,271.18,1
Campaign_F,Email,Mid-Age,2023-08-28,44,70037.51,1485314,107076.0,7.209,8733.0,2909571.78,4054.31,6071,240.56,0
Campaign_A,Influencer,Professionals,2023-08-28,19,63496.79,1055136,74296.0,7.041,8308.0,1884150.49,2867.32,5416,45.64,0
Campaign_C,Direct Mail,Young Adults,2023-08-29,21,38556.75,1864324,30166.0,1.618,3112.0,612521.95,1488.62,1955,195.06,1
Campaign_C,Radio,Young Adults,2023-08-29,42,73176.66,3125358,133110.0,4.259,10462.0,1852826.58,2431.99,4101,491.22,1
Campaign_E,Email,Mid-Age,2023-08-29,57,66438.4,872672,20385.0,2.336,1183.0,299209.7,350.36,413,378.28,0
Campaign_G,Direct Mail,Mid-Age,2023-08-30,34,13406.32,409407,6479.0,1.583,301.0,97211.21,625.11,111,276.63,1
Campaign_F,Radio,Professionals,2023-08-30,36,50444.79,1042968,31776.0,3.047,3716.0,1359670.79,2595.36,1499,435.28,1
Campaign_D,TV,Students,2023-08-30,50,64913.24,732527,38637.0,5.274,3997.0,1377092.08,2021.43,1329,40.84,1
Campaign_F,TV,Students,2023-08-31,10,65625.81,1502309,98560.0,6.561,5570.0,1147027.91,1647.83,3650,480.08,0
Campaign_G,SEO,Professionals,2023-08-31,59,11850.59,178984,13222.0,7.387,1926.0,658494.05,5456.64,720,358.84,0
Campaign_A,Social Media,Students,2023-08-31,32,21845.84,413089,16361.0,3.961,2050.0,481781.55,2105.37,800,36.26,1
Campaign_E,Influencer,Seniors,2023-09-01,27,35977.95,829709,32825.0,3.956,1197.0,327214.74,809.49,784,361.6,1
Campaign_F,TV,Young Adults,2023-09-01,39,23872.33,629170,13041.0,2.073,536.0,153347.53,542.37,366,69.07,1
Campaign_E,Radio,Young Adults,2023-09-02,55,13170.36,378485,8946.0,2.364,811.0,153999.69,1069.29,315,330.61,0
Campaign_B,Social Media,Professionals,2023-09-02,56,52160.03,1606940,27598.0,1.717,919.0,202288.99,287.82,383,171.42,1
Campaign_B,PPC,Seniors,2023-09-02,48,43060.51,1067901,83630.0,7.831,12156.0,3554489.14,8154.64,7537,129.68,1
Campaign_C,Radio,Professionals,2023-09-03,32,16624.23,497629,9421.0,1.893,969.0,152883.86,819.64,666,325.2,0
Campaign_C,Direct Mail,Young Adults,2023-09-03,14,48978.65,1308432,82385.0,6.296,2356.0,733704.7,1398.01,1319,234.0,1
Campaign_H,PPC,Students,2023-09-03,17,9651.12,468827,15116.0,3.224,1173.0,204027.05,2014.02,559,60.33,1
Campaign_E,PPC,Mid-Age,2023-09-04,51,33728.08,428536,20398.0,4.76,996.0,253901.63,652.79,567,416.5,1
Campaign_G,Radio,Mid-Age,2023-09-04,13,64438.85,2154709,153177.0,7.109,12829.0,4402501.65,6732.06,7852,155.08,1
Campaign_A,Direct Mail,Students,2023-09-05,32,71753.72,1273333,96177.0,7.553,5012.0,291306.07,305.98,1729,320.56,1
Campaign_G,Influencer,Seniors,2023-09-05,28,23392.6,585224,15693.0,2.682,,269579.22,1052.41,952,316.4,1
Campaign_B,Radio,Young Adults,2023-09-05,44,69463.16,2213001,163294.0,7.379,18573.0,4576548.52,6488.45,11940,56.4,0
Campaign_E,TV,Professionals,2023-09-06,25,71881.83,2903478,80262.0,2.764,11064.0,964071.09,1241.19,6441,498.74,1
Campaign_D,Direct Mail,Students,2023-09-06,44,50516.17,2480810,164566.0,6.634,7526.0,917875.53,1716.99,2720,240.4,0
Campaign_G,TV,Mid-Age,2023-09-06,33,78663.34,2339830,25896.0,1.107,1815.0,566609.08,620.3,1092,126.52,0
Campaign_F,Direct Mail,Students,2023-09-07,53,23463.19,475813,22585.0,4.747,2816.0,166251.19,608.56,1596,235.27,1
Campaign_D,Social Media,Young Adults,2023-09-07,16,10173.07,423840,25772.0,6.081,1767.0,465627.23,4477.06,717,313.44,1
Campaign_E,PPC,Seniors,2023-09-08,47,68258.24,1287548,88487.0,6.873,6130.0,379783.96,456.39,2682,31.43,0
Campaign_F,TV,Seniors,2023-09-08,45,41819.8,1267709,87318.0,6.888,12939.0,1171927.85,2702.33,5508,171.06,0
Campaign_F,PPC,Mid-Age,2023-09-08,50,30984.04,1359221,42028.0,3.092,,942800.58,2942.86,3522,282.08,0
Campaign_E,PPC,Seniors,2023-09-09,32,9142.46,239093,16669.0,6.972,2198.0,852096.55,9220.21,820,356.4,0
Campaign_F,SEO,Professionals,2023-09-09,24,9846.84,317847,10379.0,3.265,756.0,182231.26,1750.66,477,177.25,0
Campaign_G,Direct Mail,Young Adults,2023-09-09,34,11803.73,174482,4599.0,2.636,442.0,70401.08,496.43,226,219.84,0
Campaign_A,Influencer,Seniors,2023-09-10,58,18773.19,229759,2321.0,1.01,182.0,35301.49,88.04,118,133.98,1
Campaign_C,PPC,Professionals,2023-09-10,17,77780.07,3846325,101927.0,2.65,8005.0,1993807.53,2463.39,5545,167.73,0
Campaign_H,Influencer,Professionals,2023-09-11,42,26105.31,447858,8191.0,1.829,299.0,79771.94,205.58,204,353.06,1
Campaign_C,Email,Professionals,2023-09-11,18,66278.55,1552373,88866.0,5.725,11506.0,1654173.33,2395.79,7383,188.51,0
Campaign_G,Radio,Seniors,2023-09-11,48,6456.03,194890,3924.0,2.013,277.0,32977.7,410.8,128,161.42,1
Campaign_E,Email,Seniors,2023-09-12,29,29136.13,727787,37100.0,5.098,3548.0,792475.12,2619.91,1449,170.32,0
Campaign_C,SEO,Seniors,2023-09-12,52,72964.43,1013735,19111.0,1.885,2511.0,692277.52,848.79,1074,317.94,0
Campaign_C,Social Media,Professionals,2023-09-12,15,18878.06,337474,20015.0,5.931,2412.0,809956.83,4190.47,1353,293.58,1
Campaign_D,TV,Professionals,2023-09-13,13,26301.76,782159,23455.0,2.999,1073.0,276274.28,950.4,468,221.24,0
Campaign_A,PPC,Mid-Age,2023-09-13,57,66988.62,1845674,58339.0,3.161,5857.0,1712305.25,2456.11,2775,327.19,0
Campaign_C,SEO,Young Adults,2023-09-13,24,14104.38,591364,32422.0,5.483,2737.0,600477.93,4157.39,908,332.11,1
Campaign_F,TV,Mid-Age,2023-09-14,11,8988.74,201990,15295.0,7.572,823.0,204393.48,2173.88,500,36.16,1
Campaign_H,Influencer,Mid-Age,2023-09-14,51,77448.26,3687513,292833.0,7.941,7412.0,2019078.08,2507.0,2554,189.36,0
Campaign_H,Influencer,Mid-Age,2023-09-15,28,35359.38,753593,26382.0,3.501,2687.0,356607.72,908.52,1168,144.82,0
Campaign_D,TV,Professionals,2023-09-15,55,54340.35,1263518,96334.0,7.624,11693.0,4407395.19,8010.72,6269,419.69,0
Campaign_G,SEO,Mid-Age,2023-09-15,30,14533.69,697217,36856.0,5.286,,896889.34,6071.11,2689,159.45,1
Campaign_D,Social Media,Seniors,2023-09-16,47,21513.3,938395,68927.0,7.345,4559.0,1192820.62,5444.57,2996,179.13,1
Campaign_G,Radio,Mid-Age,2023-09-16,37,39498.56,895776,10704.0,1.195,769.0,189430.83,379.59,433,282.76,0
Campaign_H,TV,Mid-Age,2023-09-16,32,55636.49,1436055,17695.0,1.232,728.0,253832.43,356.23,448,287.28,0
Campaign_D,SEO,Young Adults,2023-09-17,32,26993.59,1179361,17950.0,1.522,2656.0,238406.63,783.2,1119,411.16,1
Campaign_E,SEO,Professionals,2023-09-17,20,71347.53,959166,63599.0,6.631,8296.0,2982253.18,4079.9,2927,212.33,1
Campaign_G,PPC,Students,2023-09-18,46,63585.8,1385347,27231.0,1.966,3934.0,385356.02,506.04,2349,162.15,0
Campaign_B,TV,Young Adults,2023-09-18,34,46366.84,1449531,32412.0,2.236,2735.0,275101.7,493.32,988,315.87,1
Campaign_B,Social Media,Students,2023-09-18,7,39440.84,1702115,86770.0,5.098,4101.0,1442687.47,3557.85,2598,372.29,1
Campaign_F,Email,Students,2023-09-19,28,51465.69,1676992,129163.0,7.702,12207.0,1708805.04,3220.28,8266,496.52,0
Campaign_B,PPC,Mid-Age,2023-09-19,28,59874.74,1771762,88052.0,4.97,6020.0,1590034.09,2555.6,2487,320.6,1
Campaign_G,TV,Students,2023-09-19,53,15121.27,733150,44928.0,6.128,2930.0,621932.81,4012.97,1770,260.64,1
Campaign_C,PPC,Professionals,2023-09-20,29,68948.1,1010532,23385.0,2.314,718.0,270681.11,292.59,341,92.54,0
Campaign_C,TV,Students,2023-09-20,37,41705.21,1718364,127145.0,7.399,3751.0,1214308.96,2811.65,1573,493.85,0
Campaign_G,TV,Students,2023-09-21,11,75150.8,1133378,15766.0,1.391,1091.0,182467.37,142.8,515,351.95,0
Campaign_E,Social Media,Seniors,2023-09-21,27,76665.68,3013965,89808.0,2.98,12609.0,4220286.03,5404.79,7044,107.56,0
Campaign_G,PPC,Mid-Age,2023-09-21,22,7303.76,231701,9675.0,4.176,1102.0,142186.62,1846.76,766,246.05,1
Campaign_F,TV,Young Adults,2023-09-22,33,33836.07,696544,17993.0,2.583,2138.0,567532.04,1577.3,897,293.34,1
Campaign_E,TV,Professionals,2023-09-22,54,44466.76,1411085,79674.0,5.646,4020.0,1258478.37,2730.16,2341,131.93,1
Campaign_E,SEO,Professionals,2023-09-22,56,45469.66,2054166,118146.0,5.752,13644.0,4040062.99,8785.18,5920,374.27,1
Campaign_G,Influencer,Mid-Age,2023-09-23,22,66679.5,1926193,47827.0,2.483,3482.0,974398.36,1361.32,1394,335.66,0
Campaign_H,SEO,Professionals,2023-09-23,39,15582.8,159928,1695.0,1.06,46.0,15662.5,0.51,25,139.86,0
Campaign_A,Email,Young Adults,2023-09-24,57,51686.2,633891,9636.0,1.52,687.0,168090.32,225.21,415,495.19,1
Campaign_E,Direct Mail,Mid-Age,2023-09-24,19,75694.77,2672440,26804.0,1.003,,372297.31,391.84,582,475.87,0
Campaign_G,Social Media,Young Adults,2023-09-24,30,79751.84,2960169,217209.0,7.338,28450.0,2864443.3,3491.7,19261,154.79,0
Campaign_F,Email,Mid-Age,2023-09-25,33,5756.42,150075,8031.0,5.351,1037.0,180954.43,3043.52,355,237.65,1
Campaign_D,Email,Mid-Age,2023-09-25,7,77942.55,1536342,30251.0,1.969,1735.0,562221.9,621.33,895,450.55,1
Campaign_G,TV,Seniors,2023-09-25,31,14165.75,547345,9018.0,1.648,897.0,141564.09,899.34,373,220.96,0
Campaign_D,Radio,Seniors,2023-09-26,13,45271.29,1003503,67467.0,6.723,4539.0,930641.1,1955.7,2844,478.77,1
Campaign_B,Email,Young Adults,2023-09-26,23,23477.74,304282,20317.0,6.677,813.0,260572.88,1009.87,264,124.19,0
Campaign_C,Influencer,Young Adults,2023-09-26,13,50479.33,1331867,99778.0,7.492,10419.0,2484925.75,4822.66,3858,370.29,1
Campaign_A,Influencer,Professionals,2023-09-27,46,7776.99,245484,5191.0,2.115,616.0,71250.35,816.17,375,311.77,1
Campaign_F,PPC,Seniors,2023-09-27,51,22874.95,1112297,51787.0,4.656,6251.0,695070.49,2938.57,2762,192.71,1
Campaign_H,Email,Professionals,2023-09-28,21,27543.17,927898,17169.0,1.85,676.0,105071.56,281.48,387,367.36,0
Campaign_D,Email,Young Adults,2023-09-28,9,73670.54,1350587,88726.0,6.569,7686.0,1199434.12,1528.11,5375,41.38,1
Campaign_F,Social Media,Mid-Age,2023-09-28,33,48772.22,2111239,82072.0,3.887,1896.0,185497.23,280.33,917,138.51,0
Campaign_H,Radio,Young Adults,2023-09-29,13,58115.73,1258744,,5.871,2344.0,801955.61,1279.93,1202,152.81,1
Campaign_D,Influencer,Professionals,2023-09-29,30,55701.14,2694326,32660.0,1.212,997.0,148472.56,166.55,688,85.21,1
Campaign_H,Social Media,Young Adults,2023-09-29,35,34421.63,792127,51056.0,6.445,1400.0,463100.79,1245.38,837,45.96,0
Campaign_A,TV,Professionals,2023-09-30,31,6051.58,280676,7315.0,2.606,463.0,180897.6,2889.26,175,195.89,1
Campaign_F,Influencer,Young Adults,2023-09-30,34,13026.56,588255,40587.0,6.9,2698.0,448371.16,3341.98,1677,132.59,0
Campaign_B,Influencer,Students,2023-10-01,37,39410.64,1756126,40408.0,2.301,4474.0,1742984.71,4322.62,2265,92.45,1
Campaign_G,Influencer,Seniors,2023-10-01,15,75597.11,875067,57147.0,6.531,3593.0,420094.56,455.7,2209,103.94,1
Campaign_A,SEO,Professionals,2023-10-01,43,23656.84,1040777,20177.0,1.939,771.0,213265.28,801.5,415,418.35,1
Campaign_G,PPC,Young Adults,2023-10-02,42,57373.9,2229091,125808.0,5.644,18002.0,7145228.77,12353.8,7037,74.6,1
Campaign_D,PPC,Mid-Age,2023-10-02,14,66994.69,1565795,101069.0,6.455,13524.0,4502547.62,6620.75,8462,370.68,1
Campaign_B,Direct Mail,Students,2023-10-02,29,73008.9,2161350,80048.0,3.704,2893.0,377233.53,416.7,870,55.36,1
Campaign_E,Radio,Professionals,2023-10-03,22,27011.48,961516,26060.0,2.71,1750.0,245116.25,807.45,1146,49.1,1
Campaign_H,TV,Seniors,2023-10-03,28,74846.24,3573270,121909.0,3.412,5102.0,723722.33,866.95,3201,237.85,0
Campaign_B,TV,Young Adults,2023-10-04,47,50598.67,2084836,64132.0,3.076,9278.0,3526079.99,6868.72,6383,209.47,1
Campaign_C,TV,Students,2023-10-04,38,43130.51,1170563,63578.0,5.431,4213.0,572521.63,1227.42,1323,286.5,0
Campaign_F,Influencer,Seniors,2023-10-04,55,63379.45,2270050,29781.0,1.312,975.0,222656.23,251.31,463,360.24,0
Campaign_A,Influencer,Students,2023-10-05,37,22903.45,399317,5151.0,1.29,589.0,101579.68,343.51,216,175.61,1
Campaign_H,Email,Seniors,2023-10-05,9,65943.52,1777685,53586.0,3.014,6029.0,1063782.62,1513.17,2710,121.37,0
Campaign_E,Direct Mail,Professionals,2023-10-05,44,53747.2,2238681,65790.0,2.939,3377.0,651343.12,1111.86,1499,416.39,1
Campaign_H,Email,Young Adults,2023-10-06,10,64952.46,2225504,49839.0,2.239,3079.0,525787.68,709.5,1659,107.69,0
Campaign_D,Radio,Students,2023-10-06,25,69179.16,2859172,172056.0,6.018,12723.0,3307657.42,4681.29,6043,405.27,1
Campaign_G,Radio,Students,2023-10-07,56,51301.06,1559176,18185.0,1.166,996.0,198119.4,286.19,683,305.96,0
Campaign_C,TV,Seniors,2023-10-07,59,7755.13,195473,14601.0,7.47,840.0,171657.4,2113.47,345,166.0,0
Campaign_D,Social Media,Seniors,2023-10-07,14,27331.07,1085087,68386.0,6.302,8494.0,1928969.5,6957.79,3970,177.7,1
Campaign_C,Influencer,Students,2023-10-08,59,70851.48,974221,,3.821,4382.0,765371.0,980.25,2542,204.2,1
Campaign_E,Email,Seniors,2023-10-08,58,52021.74,2556570,179280.0,7.013,19728.0,6196483.01,11811.33,8100,307.81,0
Campaign_B,SEO,Mid-Age,2023-10-08,53,71754.23,3439535,183226.0,5.327,20023.0,4529579.52,6212.63,11804,490.42,1
Campaign_E,SEO,Seniors,2023-10-09,50,33839.64,1530050,76374.0,4.992,6709.0,1531154.12,4424.74,3914,179.59,1
Campaign_G,PPC,Professionals,2023-10-09,10,42854.56,1944359,62046.0,3.191,4071.0,502547.85,1072.68,2381,472.68,1
Campaign_B,PPC,Young Adults,2023-10-09,13,69694.43,2121654,119698.0,5.642,13606.0,827147.72,1086.82,7755,126.42,0
Campaign_G,Direct Mail,Professionals,2023-10-10,39,62152.35,1859463,36777.0,1.978,1291.0,430220.96,592.2,809,83.09,1
Campaign_G,Social Media,Mid-Age,2023-10-10,12,33312.58,1425887,66650.0,4.674,2555.0,892764.64,2579.96,1783,280.09,0
Campaign_A,PPC,Young Adults,2023-10-11,20,6697.27,142854,2589.0,1.812,94.0,12637.02,88.69,30,488.95,0
Campaign_F,Influencer,Young Adults,2023-10-11,58,71025.47,3124875,128620.0,4.116,14823.0,2609015.58,3573.35,7394,257.89,0
Campaign_D,Email,Young Adults,2023-10-11,55,63976.76,1153834,61313.0,5.314,5941.0,1041494.56,1527.93,3714,405.96,0
Campaign_F,Direct Mail,Professionals,2023-10-12,20,38687.06,1747273,36492.0,2.089,2865.0,829343.92,2043.72,859,252.1,1
Campaign_C,PPC,Mid-Age,2023-10-12,35,45968.04,1454585,37162.0,2.555,3043.0,351565.62,664.8,1576,429.5,1
Campaign_B,TV,Students,2023-10-12,35,20323.4,888710,59479.0,6.693,7588.0,2978667.0,14556.34,4279,411.99,1
Campaign_C,Direct Mail,Young Adults,2023-10-13,20,35907.58,1067378,29779.0,2.79,1066.0,76380.52,112.71,401,352.51,1
Campaign_B,SEO,Seniors,2023-10-13,19,17239.66,591963,9879.0,1.669,689.0,269274.03,1461.95,317,319.24,1
Campaign_D,Radio,Seniors,2023-10-14,30,20792.72,978743,32443.0,3.315,3854.0,285480.16,1272.98,2373,273.53,1
Campaign_G,Social Media,Students,2023-10-14,38,68477.71,1830305,138114.0,7.546,14573.0,2348146.17,3329.07,4760,479.68,1
Campaign_G,SEO,Professionals,2023-10-14,49,32185.43,605454,35458.0,5.856,2714.0,373833.52,1061.5,960,291.97,1
Campaign_B,Direct Mail,Students,2023-10-15,51,66104.25,901609,45333.0,5.028,2228.0,313862.81,374.8,1397,188.45,0
Campaign_E,Social Media,Students,2023-10-15,8,40542.49,1362193,93758.0,6.883,13410.0,5338981.24,13068.85,8363,444.64,0
Campaign_A,Email,Mid-Age,2023-10-15,41,10308.33,355053,19958.0,5.621,1457.0,306586.48,2874.16,781,340.22,1
Campaign_A,Social Media,Young Adults,2023-10-16,39,32114.54,1118491,74693.0,6.678,10017.0,919848.06,2764.27,4672,292.34,1
Campaign_F,TV,Young Adults,2023-10-16,9,16870.51,193785,10852.0,5.6,1314.0,517450.56,2967.19,449,350.62,0
Campaign_C,Radio,Mid-Age,2023-10-17,51,57018.23,632709,44604.0,7.05,5887.0,794350.28,1293.15,3676,193.97,0
Campaign_F,Direct Mail,Seniors,2023-10-17,38,73354.55,3360862,180412.0,5.368,4005.0,301942.82,311.62,1588,227.8,1
Campaign_B,Direct Mail,Young Adults,2023-10-17,45,62230.67,2353568,67173.0,2.854,5512.0,322249.27,417.83,3667,121.93,1
Campaign_A,SEO,Mid-Age,2023-10-18,42,63382.82,921122,11862.0,1.288,637.0,135127.3,113.19,388,431.86,1
Campaign_F,Social Media,Students,2023-10-18,24,69639.99,904308,15710.0,1.737,873.0,324246.46,365.6,290,342.83,1
Campaign_B,Social Media,Professionals,2023-10-18,17,63249.85,1041995,47797.0,4.587,2632.0,147223.99,132.77,1458,417.4,1
Campaign_A,Email,Professionals,2023-10-19,27,47642.99,2014191,,7.802,11096.0,3371095.19,6975.74,7414,179.17,1
Campaign_G,PPC,Mid-Age,2023-10-19,47,58570.72,2279773,143995.0,6.316,10568.0,1491648.27,2446.75,6886,497.86,1
Campaign_F,Social Media,Young Adults,2023-10-20,40,36196.61,1286649,82707.0,6.428,8471.0,1073031.42,2864.45,4619,197.89,0
Campaign_H,Direct Mail,Seniors,2023-10-20,40,10309.1,367330,20741.0,5.646,1224.0,362703.54,3418.29,451,196.25,1
Campaign_E,Influencer,Professionals,2023-10-20,13,57918.48,2568971,188162.0,7.324,10435.0,3253170.13,5516.81,5969,481.5,1
Campaign_D,Radio,Seniors,2023-10-21,7,59124.57,1379869,84837.0,6.148,5673.0,1393602.74,2257.06,3213,337.88,1
Campaign_F,Direct Mail,Professionals,2023-10-21,42,21779.19,498508,14000.0,2.808,1529.0,184687.0,748.0,818,468.72,1
Campaign_G,Social Media,Students,2023-10-21,57,76545.62,2068038,92986.0,4.496,1861.0,97158.81,26.93,756,322.88,0
Campaign_F,Radio,Professionals,2023-10-22,26,8938.36,443226,16977.0,3.83,1988.0,612397.89,6751.35,1312,145.84,1
Campaign_C,TV,Professionals,2023-10-22,30,60196.93,1938097,41819.0,2.158,2679.0,696178.53,1056.5,1342,213.65,1
Campaign_H,Social Media,Young Adults,2023-10-22,57,77635.88,2474724,63269.0,2.557,6004.0,1188138.66,1430.4,2514,433.69,0
Campaign_F,Direct Mail,Seniors,2023-10-23,19,28186.23,1194638,35792.0,2.996,4259.0,531325.94,1785.06,1712,260.05,0
Campaign_H,Influencer,Young Adults,2023-10-23,34,73434.91,1257395,27857.0,2.215,2407.0,762241.63,937.98,992,363.22,1
Campaign_E,Social Media,Young Adults,2023-10-24,11,66982.72,1756021,44272.0,2.521,4610.0,344889.52,414.89,2233,108.27,0
Campaign_D,Email,Seniors,2023-10-24,20,60808.21,2168086,160758.0,7.415,22440.0,6169784.69,10046.3,8804,217.89,1
Campaign_G,TV,Students,2023-10-24,26,76534.37,3790033,128962.0,3.403,3079.0,895802.55,1070.46,1560,424.54,1
Campaign_E,PPC,Professionals,2023-10-25,43,54054.28,874532,59403.0,6.793,3887.0,498080.38,821.44,1464,472.27,1
Campaign_G,Social Media,Young Adults,2023-10-25,23,42116.05,1182663,17157.0,1.451,2410.0,528184.56,1154.12,984,182.42,1
Campaign_H,SEO,Young Adults,2023-10-25,31,55676.08,2573530,202605.0,7.873,26108.0,6058877.8,10782.37,9082,111.11,1
Campaign_C,Email,Young Adults,2023-10-26,22,35886.78,1400346,88971.0,6.354,8913.0,2290183.52,6281.69,3948,41.01,1
Campaign_B,TV,Professionals,2023-10-26,14,29366.54,1014649,74546.0,7.347,3713.0,1356788.82,4520.19,1716,89.87,1
Campaign_B,Influencer,Students,2023-10-27,49,11168.42,226543,10605.0,4.681,667.0,160910.61,1340.76,307,422.76,0
Campaign_E,Social Media,Seniors,2023-10-27,42,33350.64,583250,31739.0,5.442,4174.0,307045.54,820.66,2462,244.17,1
Campaign_G,Radio,Young Adults,2023-10-27,41,65239.63,1628935,57431.0,3.526,6361.0,1086078.2,1564.75,3138,167.06,1
Campaign_H,TV,Mid-Age,2023-10-28,37,75907.68,1533662,61717.0,4.024,3526.0,951718.16,1153.78,2035,394.56,1
Campaign_A,Email,Young Adults,2023-10-28,14,78136.38,3308219,206935.0,6.255,7696.0,1282147.89,1540.91,2410,402.92,1
Campaign_A,Email,Young Adults,2023-10-28,34,20489.44,795566,10738.0,1.35,1304.0,415687.92,1928.79,618,200.22,0
Campaign_F,Social Media,Seniors,2023-10-29,44,47857.38,2077389,26089.0,1.256,2476.0,288372.02,502.57,831,453.64,1
Campaign_C,SEO,Seniors,2023-10-29,33,48181.11,811528,57816.0,7.124,8397.0,840134.88,1643.7,4071,247.66,1
Campaign_D,Email,Seniors,2023-10-30,45,18203.57,407737,7217.0,1.77,525.0,68702.25,277.41,286,152.78,1
Campaign_A,Influencer,Professionals,2023-10-30,24,48622.12,1980965,119793.0,6.047,7831.0,2792767.59,5643.82,4845,452.89,1
Campaign_A,Email,Professionals,2023-10-30,34,32207.21,532769,12769.0,2.397,738.0,212785.43,560.68,383,101.89,1
Campaign_E,Social Media,Young Adults,2023-10-31,27,75680.48,1197583,42675.0,3.563,3526.0,818092.04,980.98,1593,498.09,1
Campaign_F,Social Media,Mid-Age,2023-10-31,59,24140.17,611285,18673.0,3.055,1156.0,179316.47,642.81,469,318.23,0
Campaign_H,TV,Seniors,2023-10-31,16,67622.09,1180510,52324.0,4.432,1544.0,573606.49,748.25,1054,460.21,1
Campaign_D,SEO,Seniors,2023-11-01,22,72264.17,950715,64521.0,6.787,3908.0,1411068.36,1852.65,1482,114.05,1
Campaign_F,Radio,Seniors,2023-11-01,43,60190.42,1354945,96590.0,7.129,4680.0,888217.94,1375.68,1483,212.88,0
Campaign_G,Email,Students,2023-11-02,10,21100.8,950042,24267.0,2.554,3057.0,958226.87,4441.19,1071,440.43,1
Campaign_D,Social Media,Young Adults,2023-11-02,34,24527.68,300741,10115.0,3.363,512.0,189310.65,671.82,357,423.44,1
Campaign_B,TV,Professionals,2023-11-02,8,77833.84,2540823,174260.0,6.858,13880.0,2216270.87,2747.44,9194,439.77,0
Campaign_G,TV,Mid-Age,2023-11-03,34,10687.18,347548,5656.0,1.627,607.0,100186.21,837.44,259,161.82,1
Campaign_A,Influencer,Mid-Age,2023-11-03,23,13781.44,430444,7826.0,1.818,308.0,74237.92,438.68,92,320.28,1
Campaign_C,TV,Mid-Age,2023-11-03,17,78392.73,2369055,103221.0,4.357,9193.0,1773589.92,2162.44,5579,213.11,0
Campaign_B,SEO,Students,2023-11-04,33,63267.11,676291,44168.0,6.531,5747.0,1819028.09,2775.16,2414,180.76,0
Campaign_F,TV,Students,2023-11-04,24,60978.79,725528,24318.0,3.352,2332.0,554842.48,809.89,720,274.46,1
Campaign_C,SEO,Students,2023-11-04,11,17015.58,518095,7699.0,1.486,636.0,78959.03,364.04,306,366.07,1
Campaign_C,Email,Seniors,2023-11-05,35,41670.41,2030697,157888.0,7.775,20376.0,3560411.43,8444.22,9569,273.7,1
Campaign_F,Direct Mail,Mid-Age,2023-11-05,36,68057.2,1791199,135636.0,7.572,19415.0,5531987.17,8028.44,8633,138.33,1
Campaign_C,Direct Mail,Students,2023-11-06,42,29665.3,857121,47684.0,5.563,6042.0,415097.4,1299.27,3391,409.52,1
Campaign_C,TV,Young Adults,2023-11-06,54,19457.38,958908,55359.0,5.773,4046.0,686842.94,3429.99,2388,489.56,0
Campaign_D,Social Media,Mid-Age,2023-11-06,44,5820.9,239614,18056.0,7.535,1796.0,99918.02,1616.54,940,200.55,1
Campaign_A,Email,Students,2023-11-07,49,51690.69,2109207,116154.0,5.507,10275.0,3465792.79,6604.87,3139,429.15,0
Campaign_H,Direct Mail,Students,2023-11-07,41,27035.77,816194,53206.0,6.519,3162.0,287794.1,964.49,976,436.02,0
Campaign_H,Email,Mid-Age,2023-11-07,42,69775.43,3203843,135990.0,4.245,10415.0,802180.51,1049.66,6797,152.44,1
Campaign_F,Email,Mid-Age,2023-11-08,49,26263.86,873195,22668.0,2.596,2897.0,942415.99,3488.26,1085,361.49,1
Campaign_A,Email,Mid-Age,2023-11-08,42,16368.19,593639,40532.0,6.828,2393.0,194616.47,1088.99,1098,471.06,0
Campaign_D,TV,Professionals,2023-11-09,33,77033.56,3197063,185131.0,5.791,25111.0,7269430.85,9336.71,8573,377.73,0
Campaign_C,Direct Mail,Seniors,2023-11-09,45,77358.28,2031691,61497.0,3.027,9156.0,1675110.81,2065.39,3586,44.11,1
Campaign_B,Social Media,Young Adults,2023-11-09,58,56376.79,2713460,145520.0,5.363,8713.0,2941463.58,5117.51,4305,314.12,0
Campaign_H,Influencer,Young Adults,2023-11-10,33,74628.93,3695646,248176.0,6.715,8923.0,1017203.61,1263.02,3517,395.87,1
Campaign_D,SEO,Young Adults,2023-11-10,18,17137.52,573858,16598.0,2.892,2397.0,190671.7,1012.6,1351,320.52,0
Campaign_F,PPC,Mid-Age,2023-11-10,28,39525.56,746330,,6.377,2010.0,261184.64,560.8,898,43.51,1
Campaign_F,SEO,Mid-Age,2023-11-11,7,20311.92,832709,12543.0,1.506,1508.0,567380.87,2693.34,928,86.48,0
Campaign_C,Direct Mail,Seniors,2023-11-11,23,40908.74,936218,50318.0,5.375,1262.0,429322.73,949.46,682,406.76,1
Campaign_C,SEO,Students,2023-11-12,54,64338.35,2128578,170127.0,7.993,8612.0,1292020.1,1908.16,3458,259.39,0
Campaign_H,PPC,Professionals,2023-11-12,12,68369.59,920811,65051.0,7.065,3501.0,427611.96,525.44,2182,480.25,1
Campaign_G,TV,Seniors,2023-11-12,54,5312.33,224688,16019.0,7.129,939.0,98496.09,1754.1,631,225.04,1
Campaign_E,Radio,Students,2023-11-13,36,34212.75,1654647,95349.0,5.762,13302.0,1694956.7,4854.17,4629,416.2,0
Campaign_E,SEO,Students,2023-11-13,23,79555.15,1095383,46316.0,4.228,1981.0,241217.22,203.21,1124,46.68,1
Campaign_A,Direct Mail,Mid-Age,2023-11-13,32,49198.62,1931732,110891.0,5.74,4720.0,1703286.36,3362.06,2606,425.28,0
Campaign_B,Email,Students,2023-11-14,53,27214.69,1209245,39280.0,3.248,4317.0,246047.71,804.1,2451,433.76,1
Campaign_A,Radio,Mid-Age,2023-11-14,13,34174.57,491438,,4.869,3441.0,1232025.54,3505.09,1075,200.18,0
Campaign_G,PPC,Mid-Age,2023-11-15,36,29192.28,580104,27715.0,4.778,1956.0,126159.36,332.17,608,175.44,1
Campaign_H,Email,Professionals,2023-11-15,21,38569.88,990275,47593.0,4.806,5735.0,1946414.21,4946.46,2396,457.66,1
Campaign_B,TV,Professionals,2023-11-15,35,38336.5,1666503,64725.0,3.884,1555.0,309462.93,707.23,516,395.52,1
Campaign_C,Influencer,Students,2023-11-16,48,43014.75,1279140,44381.0,3.47,5642.0,434557.81,910.25,2518,311.04,1
Campaign_C,Email,Seniors,2023-11-16,55,39837.95,616632,20425.0,3.312,2329.0,767759.09,1827.21,1511,235.08,0
Campaign_G,Direct Mail,Students,2023-11-16,20,43708.53,885309,22780.0,2.573,3110.0,434634.62,894.39,1373,458.68,0
Campaign_D,TV,Students,2023-11-17,42,7099.17,203711,8290.0,4.069,852.0,304427.97,4188.22,389,381.19,0
Campaign_A,PPC,Young Adults,2023-11-17,29,9082.02,105084,1916.0,1.823,272.0,85214.93,838.28,110,225.91,1
Campaign_E,Radio,Mid-Age,2023-11-17,33,32835.8,1157129,84597.0,7.311,5979.0,2353451.98,7067.34,2802,263.46,0
Campaign_B,Radio,Young Adults,2023-11-18,15,71370.62,785995,11693.0,1.488,1347.0,459536.47,543.87,833,76.26,1
Campaign_F,Direct Mail,Seniors,2023-11-18,52,64312.42,2651913,181972.0,6.862,20803.0,2794602.03,4245.35,13154,411.05,1
Campaign_G,PPC,Mid-Age,2023-11-19,16,13261.52,521894,14032.0,2.689,770.0,148783.5,1021.92,360,425.6,0
Campaign_A,Influencer,Mid-Age,2023-11-19,9,42112.32,1878950,131010.0,6.973,18298.0,5376329.44,12666.64,8394,197.15,0
Campaign_H,Radio,Professionals,2023-11-19,47,50344.05,821036,49605.0,6.042,6016.0,966306.37,1819.41,2274,175.54,1
Campaign_F,PPC,Mid-Age,2023-11-20,28,41089.19,1401281,104350.0,7.447,13839.0,3339022.25,8026.28,9552,148.55,1
Campaign_A,SEO,Professionals,2023-11-20,10,57317.5,2363836,167634.0,7.092,11254.0,1498768.24,2514.85,4776,111.53,1
Campaign_B,Direct Mail,Seniors,2023-11-20,43,79794.74,2444108,144388.0,5.908,18678.0,5267808.66,6501.7,8163,475.46,0
Campaign_B,TV,Young Adults,2023-11-21,22,12235.56,186374,3842.0,2.061,234.0,39720.77,224.63,110,386.75,1
Campaign_H,Email,Young Adults,2023-11-21,58,43665.05,609434,29516.0,4.843,4290.0,297349.82,580.98,1425,233.7,1
Campaign_F,Social Media,Students,2023-11-22,58,43427.86,1486791,50235.0,3.379,1161.0,451304.99,939.21,500,81.78,0
Campaign_C,Influencer,Professionals,2023-11-22,36,47178.41,1410837,101586.0,7.2,10208.0,3525498.67,7372.69,6862,95.54,0
Campaign_E,TV,Professionals,2023-11-22,32,17522.56,826756,58745.0,7.105,2032.0,317603.37,1712.54,670,363.6,1
Campaign_C,PPC,Young Adults,2023-11-23,30,52876.83,2292402,73317.0,3.198,8316.0,793085.94,1399.87,3294,125.45,0
Campaign_D,Direct Mail,Professionals,2023-11-23,39,8325.57,324280,18490.0,5.702,1243.0,382010.15,4488.4,481,193.5,1
Campaign_F,Social Media,Mid-Age,2023-11-23,55,60584.26,2986553,100586.0,3.368,13396.0,1704446.4,2713.35,5278,479.79,1
Campaign_B,Direct Mail,Seniors,2023-11-24,40,54736.96,2068204,118866.0,5.747,15862.0,4154399.38,7489.75,10815,303.16,1
Campaign_G,SEO,Young Adults,2023-11-24,12,29781.78,407846,21603.0,5.297,1465.0,472722.82,1487.29,854,409.92,1
Campaign_H,TV,Mid-Age,2023-11-25,17,79174.2,1037381,47477.0,4.577,5948.0,864532.0,991.94,3972,78.82,1
Campaign_H,Social Media,Mid-Age,2023-11-25,40,67158.38,2863281,204691.0,7.149,22218.0,3324319.87,4849.97,14287,185.28,1
Campaign_B,Social Media,Professionals,2023-11-25,26,45465.17,1110629,30235.0,2.722,2281.0,163238.47,259.04,1254,450.94,1
Campaign_D,Radio,Mid-Age,2023-11-26,32,79288.28,3724277,245141.0,6.582,15841.0,2565400.13,3135.54,8299,410.92,0
Campaign_C,Email,Mid-Age,2023-11-26,28,67256.8,990685,57722.0,5.826,2732.0,707882.71,952.51,1375,370.02,1
Campaign_F,Social Media,Mid-Age,2023-11-26,38,15348.3,275524,8179.0,2.969,,24041.64,56.64,132,306.08,1
Campaign_C,PPC,Mid-Age,2023-11-27,19,49329.55,2018895,79782.0,3.952,6961.0,2670093.27,5312.77,4042,156.4,1
Campaign_D,Radio,Seniors,2023-11-27,10,48564.32,2131923,31618.0,1.483,2852.0,863715.39,1678.5,1539,305.18,1
Campaign_B,Influencer,Mid-Age,2023-11-28,19,53970.89,2411843,125006.0,5.183,9715.0,1179063.99,2084.63,4659,53.86,0
Campaign_E,TV,Mid-Age,2023-11-28,42,75556.74,1055192,76134.0,7.215,10931.0,2576609.8,3310.17,6232,125.08,1
Campaign_E,Influencer,Seniors,2023-11-28,39,41902.39,1058961,19323.0,1.825,420.0,78541.81,87.44,152,273.58,0
Campaign_E,TV,Students,2023-11-29,49,10803.61,387368,7452.0,1.924,972.0,178676.54,1553.86,506,30.93,1
Campaign_C,Email,Young Adults,2023-11-29,12,40949.85,1914480,82743.0,4.322,10268.0,2525885.59,6068.24,5213,139.15,1
Campaign_G,Influencer,Mid-Age,2023-11-29,14,64084.58,1253532,37212.0,2.969,4414.0,387781.95,505.11,2268,101.56,1
Campaign_E,Email,Seniors,2023-11-30,13,31895.66,1084889,31879.0,2.938,2812.0,352511.67,1005.2,1418,192.39,1
Campaign_B,SEO,Professionals,2023-11-30,36,7032.87,110702,6056.0,5.471,270.0,27644.79,293.08,162,433.43,1
Campaign_C,Direct Mail,Professionals,2023-12-01,37,27743.24,1106709,42849.0,3.872,5663.0,627985.46,2163.56,3414,475.29,1
